"d.htm | Question 0"
"AP-GfK Poll conducted by GfK Roper Public Affairs & Corporate Communications. May 5-9, 2011. N=1,001 adults nationwide. Margin of error ± 4.2.  "
"Do you have a favorable or unfavorable impression of Mitch Daniels?"
date,favorable,unfavorable,unsure,refused,sample_size,margin_of_error,subpopulation,question_type,url,original,question,pollster
"=""5/5-9/11""",25,19,55,1,1001,4,a,favorability,http://www.pollingreport.com/d.htm,"AP-GfK Poll conducted by GfK Roper Public Affairs & Corporate Communications. May 5-9, 2011. N=1,001 adults nationwide. Margin of error ± 4.2.  ","""Do you have a favorable or unfavorable impression of Mitch Daniels?""",AP-GfK Poll conducted by GfK Roper Public Affairs & Corporate Communications
"=""3/24-28/11""",20,18,62,1,,,,favorability,http://www.pollingreport.com/d.htm,"AP-GfK Poll conducted by GfK Roper Public Affairs & Corporate Communications. May 5-9, 2011. N=1,001 adults nationwide. Margin of error ± 4.2.  ","""Do you have a favorable or unfavorable impression of Mitch Daniels?""",AP-GfK Poll conducted by GfK Roper Public Affairs & Corporate Communications
"=""11/3-8/10""",21,17,62,1,,,,favorability,http://www.pollingreport.com/d.htm,"AP-GfK Poll conducted by GfK Roper Public Affairs & Corporate Communications. May 5-9, 2011. N=1,001 adults nationwide. Margin of error ± 4.2.  ","""Do you have a favorable or unfavorable impression of Mitch Daniels?""",AP-GfK Poll conducted by GfK Roper Public Affairs & Corporate Communications






"d.htm | Question 1"
"ABC News/Washington Post Poll. March 10-13, 2011. N=378 leaned Republicans nationwide. Margin of error ± 6.   "
"Do you have a favorable or unfavorable impression of Mitch Daniels?"
manually enter poll





"d.htm | Question 2"
"CNN/USA Today/Gallup Poll . July 25-27, 2003. N=1,006 adults nationwide. MoE ± 3."
"Next, we'd like to get your overall opinion of some people in the news. As I read each name, please say if you have a favorable or unfavorable opinion of these people -- or if you have never heard of them. Senate Democratic Leader Tom Daschle." *
date,favorable,unfavorable,never heard of,unsure,,sample_size,margin_of_error,subpopulation,question_type,url,original,question,pollster
"=""7/03""",31,35,20,14,,1006,3,a,favorability,http://www.pollingreport.com/d.htm,"CNN/USA Today/Gallup Poll . July 25-27, 2003. N=1,006 adults nationwide. MoE ± 3.","""Next, we'd like to get your overall opinion of some people in the news. As I read each name, please say if you have a favorable or unfavorable opinion of these people -- or if you have never heard of them. Senate Democratic Leader Tom Daschle."" *",CNN/USA Today/Gallup Poll 
"=""3/03""",32,38,16,14,,,,,favorability,http://www.pollingreport.com/d.htm,"CNN/USA Today/Gallup Poll . July 25-27, 2003. N=1,006 adults nationwide. MoE ± 3.","""Next, we'd like to get your overall opinion of some people in the news. As I read each name, please say if you have a favorable or unfavorable opinion of these people -- or if you have never heard of them. Senate Democratic Leader Tom Daschle."" *",CNN/USA Today/Gallup Poll 
"=""1/03""",40,29,17,14,,,,,favorability,http://www.pollingreport.com/d.htm,"CNN/USA Today/Gallup Poll . July 25-27, 2003. N=1,006 adults nationwide. MoE ± 3.","""Next, we'd like to get your overall opinion of some people in the news. As I read each name, please say if you have a favorable or unfavorable opinion of these people -- or if you have never heard of them. Senate Democratic Leader Tom Daschle."" *",CNN/USA Today/Gallup Poll 
"=""12/02""",38,29,15,18,,,,,favorability,http://www.pollingreport.com/d.htm,"CNN/USA Today/Gallup Poll . July 25-27, 2003. N=1,006 adults nationwide. MoE ± 3.","""Next, we'd like to get your overall opinion of some people in the news. As I read each name, please say if you have a favorable or unfavorable opinion of these people -- or if you have never heard of them. Senate Democratic Leader Tom Daschle."" *",CNN/USA Today/Gallup Poll 
"=""9/02""",39,26,16,19,,,,,favorability,http://www.pollingreport.com/d.htm,"CNN/USA Today/Gallup Poll . July 25-27, 2003. N=1,006 adults nationwide. MoE ± 3.","""Next, we'd like to get your overall opinion of some people in the news. As I read each name, please say if you have a favorable or unfavorable opinion of these people -- or if you have never heard of them. Senate Democratic Leader Tom Daschle."" *",CNN/USA Today/Gallup Poll 
"=""7/02""",37,31,18,14,,,,,favorability,http://www.pollingreport.com/d.htm,"CNN/USA Today/Gallup Poll . July 25-27, 2003. N=1,006 adults nationwide. MoE ± 3.","""Next, we'd like to get your overall opinion of some people in the news. As I read each name, please say if you have a favorable or unfavorable opinion of these people -- or if you have never heard of them. Senate Democratic Leader Tom Daschle."" *",CNN/USA Today/Gallup Poll 
"=""1/02""",39,25,15,21,,,,,favorability,http://www.pollingreport.com/d.htm,"CNN/USA Today/Gallup Poll . July 25-27, 2003. N=1,006 adults nationwide. MoE ± 3.","""Next, we'd like to get your overall opinion of some people in the news. As I read each name, please say if you have a favorable or unfavorable opinion of these people -- or if you have never heard of them. Senate Democratic Leader Tom Daschle."" *",CNN/USA Today/Gallup Poll 
"=""6/01""",34,20,33,13,,,,,favorability,http://www.pollingreport.com/d.htm,"CNN/USA Today/Gallup Poll . July 25-27, 2003. N=1,006 adults nationwide. MoE ± 3.","""Next, we'd like to get your overall opinion of some people in the news. As I read each name, please say if you have a favorable or unfavorable opinion of these people -- or if you have never heard of them. Senate Democratic Leader Tom Daschle."" *",CNN/USA Today/Gallup Poll 
"=""nan""",,,,,.,,,,favorability,http://www.pollingreport.com/d.htm,"CNN/USA Today/Gallup Poll . July 25-27, 2003. N=1,006 adults nationwide. MoE ± 3.","""Next, we'd like to get your overall opinion of some people in the news. As I read each name, please say if you have a favorable or unfavorable opinion of these people -- or if you have never heard of them. Senate Democratic Leader Tom Daschle."" *",CNN/USA Today/Gallup Poll 






"d.htm | Question 3"
"NBC News/Wall Street Journal Poll conducted by the polling organizations of Peter Hart (D) and Robert Teeter (R). May 17-19, 2003. N=500 adults nationwide.  "
"I'm going to read you the names of several public figures and I'd like you to rate your feelings toward each one as either very positive, somewhat positive, neutral, somewhat negative, or very negative. If you don't know the name, please just say so. Tom Daschle."
date,very positive,somewhat positive,neutral,somewhat negative,very negative,don't know name/not sure,sample_size,margin_of_error,subpopulation,question_type,url,original,question,pollster
"=""5/03""",3,14,21,14,18,29,500,,a,thermometer,http://www.pollingreport.com/d.htm,"NBC News/Wall Street Journal Poll conducted by the polling organizations of Peter Hart (D) and Robert Teeter (R). May 17-19, 2003. N=500 adults nationwide.  ","""I'm going to read you the names of several public figures and I'd like you to rate your feelings toward each one as either very positive, somewhat positive, neutral, somewhat negative, or very negative. If you don't know the name, please just say so. Tom Daschle.""",NBC News/Wall Street Journal Poll conducted by the polling organizations of Peter Hart (D) and Robert Teeter (R)
"=""1/03""",5,17,26,14,17,21,,,,thermometer,http://www.pollingreport.com/d.htm,"NBC News/Wall Street Journal Poll conducted by the polling organizations of Peter Hart (D) and Robert Teeter (R). May 17-19, 2003. N=500 adults nationwide.  ","""I'm going to read you the names of several public figures and I'd like you to rate your feelings toward each one as either very positive, somewhat positive, neutral, somewhat negative, or very negative. If you don't know the name, please just say so. Tom Daschle.""",NBC News/Wall Street Journal Poll conducted by the polling organizations of Peter Hart (D) and Robert Teeter (R)
"=""7/02""",6,18,22,13,13,28,,,,thermometer,http://www.pollingreport.com/d.htm,"NBC News/Wall Street Journal Poll conducted by the polling organizations of Peter Hart (D) and Robert Teeter (R). May 17-19, 2003. N=500 adults nationwide.  ","""I'm going to read you the names of several public figures and I'd like you to rate your feelings toward each one as either very positive, somewhat positive, neutral, somewhat negative, or very negative. If you don't know the name, please just say so. Tom Daschle.""",NBC News/Wall Street Journal Poll conducted by the polling organizations of Peter Hart (D) and Robert Teeter (R)
"=""1/02""",8,24,21,8,11,28,,,,thermometer,http://www.pollingreport.com/d.htm,"NBC News/Wall Street Journal Poll conducted by the polling organizations of Peter Hart (D) and Robert Teeter (R). May 17-19, 2003. N=500 adults nationwide.  ","""I'm going to read you the names of several public figures and I'd like you to rate your feelings toward each one as either very positive, somewhat positive, neutral, somewhat negative, or very negative. If you don't know the name, please just say so. Tom Daschle.""",NBC News/Wall Street Journal Poll conducted by the polling organizations of Peter Hart (D) and Robert Teeter (R)
"=""12/01""",11,23,27,7,6,26,,,,thermometer,http://www.pollingreport.com/d.htm,"NBC News/Wall Street Journal Poll conducted by the polling organizations of Peter Hart (D) and Robert Teeter (R). May 17-19, 2003. N=500 adults nationwide.  ","""I'm going to read you the names of several public figures and I'd like you to rate your feelings toward each one as either very positive, somewhat positive, neutral, somewhat negative, or very negative. If you don't know the name, please just say so. Tom Daschle.""",NBC News/Wall Street Journal Poll conducted by the polling organizations of Peter Hart (D) and Robert Teeter (R)
"=""12/00""",3,7,17,5,4,64,,,,thermometer,http://www.pollingreport.com/d.htm,"NBC News/Wall Street Journal Poll conducted by the polling organizations of Peter Hart (D) and Robert Teeter (R). May 17-19, 2003. N=500 adults nationwide.  ","""I'm going to read you the names of several public figures and I'd like you to rate your feelings toward each one as either very positive, somewhat positive, neutral, somewhat negative, or very negative. If you don't know the name, please just say so. Tom Daschle.""",NBC News/Wall Street Journal Poll conducted by the polling organizations of Peter Hart (D) and Robert Teeter (R)






"d.htm | Question 4"
"FOX News/Opinion Dynamics Poll. Dec. 17-18, 2002. N=900 registered voters nationwide. MoE ± 3.  "
"I'm going to read the names of some people. Please tell me whether you have a generally favorable or unfavorable opinion of each. If you've never heard of one, please just say so. Tom Daschle."
date,favorable,unfavorable,can't say (vol.),never heard of,sample_size,margin_of_error,subpopulation,question_type,url,original,question,pollster
"=""12/02""",26,27,27,20,900,3,rv,favorability,http://www.pollingreport.com/d.htm,"FOX News/Opinion Dynamics Poll. Dec. 17-18, 2002. N=900 registered voters nationwide. MoE ± 3.  ","""I'm going to read the names of some people. Please tell me whether you have a generally favorable or unfavorable opinion of each. If you've never heard of one, please just say so. Tom Daschle.""",FOX News/Opinion Dynamics Poll
"=""8/02""",33,23,20,24,,,,favorability,http://www.pollingreport.com/d.htm,"FOX News/Opinion Dynamics Poll. Dec. 17-18, 2002. N=900 registered voters nationwide. MoE ± 3.  ","""I'm going to read the names of some people. Please tell me whether you have a generally favorable or unfavorable opinion of each. If you've never heard of one, please just say so. Tom Daschle.""",FOX News/Opinion Dynamics Poll
"=""6/01""",25,16,21,38,,,,favorability,http://www.pollingreport.com/d.htm,"FOX News/Opinion Dynamics Poll. Dec. 17-18, 2002. N=900 registered voters nationwide. MoE ± 3.  ","""I'm going to read the names of some people. Please tell me whether you have a generally favorable or unfavorable opinion of each. If you've never heard of one, please just say so. Tom Daschle.""",FOX News/Opinion Dynamics Poll






"d.htm | Question 5"
"The Harris Poll. Dec. 12-16, 2002. N=1,023 adults nationwide. MoE ± 3."
"How do you rate the job Senate Majority Leader Tom Daschle is doing: excellent, pretty good, only fair, or poor?"
date,excellent/ pretty good,only fair/ poor,sample_size,margin_of_error,subpopulation,question_type,url,original,question,pollster
"=""12/12-16/02""",31,46,1023,3,a,approval,http://www.pollingreport.com/d.htm,"The Harris Poll. Dec. 12-16, 2002. N=1,023 adults nationwide. MoE ± 3.","""How do you rate the job Senate Majority Leader Tom Daschle is doing: excellent, pretty good, only fair, or poor?""",The Harris Poll
"=""11/14-18/02""",35,43,,,,approval,http://www.pollingreport.com/d.htm,"The Harris Poll. Dec. 12-16, 2002. N=1,023 adults nationwide. MoE ± 3.","""How do you rate the job Senate Majority Leader Tom Daschle is doing: excellent, pretty good, only fair, or poor?""",The Harris Poll
"=""10/15-21/02""",36,43,,,,approval,http://www.pollingreport.com/d.htm,"The Harris Poll. Dec. 12-16, 2002. N=1,023 adults nationwide. MoE ± 3.","""How do you rate the job Senate Majority Leader Tom Daschle is doing: excellent, pretty good, only fair, or poor?""",The Harris Poll
"=""9/19-23/02""",38,38,,,,approval,http://www.pollingreport.com/d.htm,"The Harris Poll. Dec. 12-16, 2002. N=1,023 adults nationwide. MoE ± 3.","""How do you rate the job Senate Majority Leader Tom Daschle is doing: excellent, pretty good, only fair, or poor?""",The Harris Poll
"=""8/15-19/02""",34,43,,,,approval,http://www.pollingreport.com/d.htm,"The Harris Poll. Dec. 12-16, 2002. N=1,023 adults nationwide. MoE ± 3.","""How do you rate the job Senate Majority Leader Tom Daschle is doing: excellent, pretty good, only fair, or poor?""",The Harris Poll
"=""7/18-22/02""",31,45,,,,approval,http://www.pollingreport.com/d.htm,"The Harris Poll. Dec. 12-16, 2002. N=1,023 adults nationwide. MoE ± 3.","""How do you rate the job Senate Majority Leader Tom Daschle is doing: excellent, pretty good, only fair, or poor?""",The Harris Poll
"=""6/14-17/02""",38,37,,,,approval,http://www.pollingreport.com/d.htm,"The Harris Poll. Dec. 12-16, 2002. N=1,023 adults nationwide. MoE ± 3.","""How do you rate the job Senate Majority Leader Tom Daschle is doing: excellent, pretty good, only fair, or poor?""",The Harris Poll
"=""5/15-21/02""",39,37,,,,approval,http://www.pollingreport.com/d.htm,"The Harris Poll. Dec. 12-16, 2002. N=1,023 adults nationwide. MoE ± 3.","""How do you rate the job Senate Majority Leader Tom Daschle is doing: excellent, pretty good, only fair, or poor?""",The Harris Poll
"=""4/9-15/02""",39,33,,,,approval,http://www.pollingreport.com/d.htm,"The Harris Poll. Dec. 12-16, 2002. N=1,023 adults nationwide. MoE ± 3.","""How do you rate the job Senate Majority Leader Tom Daschle is doing: excellent, pretty good, only fair, or poor?""",The Harris Poll
"=""3/13-19/02""",41,35,,,,approval,http://www.pollingreport.com/d.htm,"The Harris Poll. Dec. 12-16, 2002. N=1,023 adults nationwide. MoE ± 3.","""How do you rate the job Senate Majority Leader Tom Daschle is doing: excellent, pretty good, only fair, or poor?""",The Harris Poll
"=""2/13-19/02""",42,35,,,,approval,http://www.pollingreport.com/d.htm,"The Harris Poll. Dec. 12-16, 2002. N=1,023 adults nationwide. MoE ± 3.","""How do you rate the job Senate Majority Leader Tom Daschle is doing: excellent, pretty good, only fair, or poor?""",The Harris Poll
"=""1/16-21/02""",44,32,,,,approval,http://www.pollingreport.com/d.htm,"The Harris Poll. Dec. 12-16, 2002. N=1,023 adults nationwide. MoE ± 3.","""How do you rate the job Senate Majority Leader Tom Daschle is doing: excellent, pretty good, only fair, or poor?""",The Harris Poll
"=""12/14-19/01""",48,28,,,,approval,http://www.pollingreport.com/d.htm,"The Harris Poll. Dec. 12-16, 2002. N=1,023 adults nationwide. MoE ± 3.","""How do you rate the job Senate Majority Leader Tom Daschle is doing: excellent, pretty good, only fair, or poor?""",The Harris Poll
"=""11/14-20/01""",55,23,,,,approval,http://www.pollingreport.com/d.htm,"The Harris Poll. Dec. 12-16, 2002. N=1,023 adults nationwide. MoE ± 3.","""How do you rate the job Senate Majority Leader Tom Daschle is doing: excellent, pretty good, only fair, or poor?""",The Harris Poll
"=""10/17-22/01""",60,17,,,,approval,http://www.pollingreport.com/d.htm,"The Harris Poll. Dec. 12-16, 2002. N=1,023 adults nationwide. MoE ± 3.","""How do you rate the job Senate Majority Leader Tom Daschle is doing: excellent, pretty good, only fair, or poor?""",The Harris Poll
"=""8/15-22/01""",26,34,,,,approval,http://www.pollingreport.com/d.htm,"The Harris Poll. Dec. 12-16, 2002. N=1,023 adults nationwide. MoE ± 3.","""How do you rate the job Senate Majority Leader Tom Daschle is doing: excellent, pretty good, only fair, or poor?""",The Harris Poll
"=""7/20-25/01""",29,30,,,,approval,http://www.pollingreport.com/d.htm,"The Harris Poll. Dec. 12-16, 2002. N=1,023 adults nationwide. MoE ± 3.","""How do you rate the job Senate Majority Leader Tom Daschle is doing: excellent, pretty good, only fair, or poor?""",The Harris Poll
"=""6/13-18/01""",28,31,,,,approval,http://www.pollingreport.com/d.htm,"The Harris Poll. Dec. 12-16, 2002. N=1,023 adults nationwide. MoE ± 3.","""How do you rate the job Senate Majority Leader Tom Daschle is doing: excellent, pretty good, only fair, or poor?""",The Harris Poll






"d.htm | Question 6"
"Pew Research Center for the People & the Press survey conducted by Princeton Survey Research Associates. Dec. 4-8, 2002. N=1,205 adults nationwide. MoE ± 3. "
"Now I'd like your views on some people and organizations. As I read from a list, please tell me which category best describes your overall opinion of who I name. Would you say your overall opinion of Tom Daschle is very favorable, mostly favorable, mostly unfavorable, or very unfavorable?"
date,very favorable,mostly favorable,mostly unfav- orable,very unfav- orable,never heard of,can't rate (vol.),sample_size,margin_of_error,subpopulation,question_type,url,original,question,pollster
"=""12/02""",7,24,19,11,21,18,1205,3,a,favorability,http://www.pollingreport.com/d.htm,"Pew Research Center for the People & the Press survey conducted by Princeton Survey Research Associates. Dec. 4-8, 2002. N=1,205 adults nationwide. MoE ± 3. ","""Now I'd like your views on some people and organizations. As I read from a list, please tell me which category best describes your overall opinion of who I name. Would you say your overall opinion of Tom Daschle is very favorable, mostly favorable, mostly unfavorable, or very unfavorable?""",Pew Research Center for the People & the Press survey conducted by Princeton Survey Research Associates
"=""7/01""",4,16,10,5,43,22,,,,favorability,http://www.pollingreport.com/d.htm,"Pew Research Center for the People & the Press survey conducted by Princeton Survey Research Associates. Dec. 4-8, 2002. N=1,205 adults nationwide. MoE ± 3. ","""Now I'd like your views on some people and organizations. As I read from a list, please tell me which category best describes your overall opinion of who I name. Would you say your overall opinion of Tom Daschle is very favorable, mostly favorable, mostly unfavorable, or very unfavorable?""",Pew Research Center for the People & the Press survey conducted by Princeton Survey Research Associates






"d.htm | Question 7"
"Time/CNN Poll conducted by Harris Interactive. Nov. 13-14, 2002. N=454 Democrats and independents who lean Democratic nationwide .  "
"Next, I'm going to read you the names of some people in the news today. Please tell me whether you have generally favorable or generally unfavorable impressions of each, or whether you are not familiar enough to say one way or another. Senate Democratic Leader Tom Daschle."
manually enter poll





"d.htm | Question 8"
"CBS News Poll and CBS News/New York Times Poll. Jan. 21-24, 2002. N=1,034 adults nationwide. MoE ± 3."
"Is your opinion of Tom Daschle favorable, not favorable, undecided, or haven't you heard enough about Tom Daschle yet to have an opinion?"
date,favorable,not favorable,undecided,haven't heard enough,refused,sample_size,margin_of_error,subpopulation,question_type,url,original,question,pollster
"=""1/21-24/02""",11,15,18,55,1,1034,3,a,favorability,http://www.pollingreport.com/d.htm,"CBS News Poll and CBS News/New York Times Poll. Jan. 21-24, 2002. N=1,034 adults nationwide. MoE ± 3.","""Is your opinion of Tom Daschle favorable, not favorable, undecided, or haven't you heard enough about Tom Daschle yet to have an opinion?""",CBS News Poll and CBS News/New York Times Poll
"=""6/14-18/01""",10,7,14,68,1,,,,favorability,http://www.pollingreport.com/d.htm,"CBS News Poll and CBS News/New York Times Poll. Jan. 21-24, 2002. N=1,034 adults nationwide. MoE ± 3.","""Is your opinion of Tom Daschle favorable, not favorable, undecided, or haven't you heard enough about Tom Daschle yet to have an opinion?""",CBS News Poll and CBS News/New York Times Poll






"d.htm | Question 9"
"Pew Research Center for the People & the Press survey conducted by Princeton Survey Research Associates International. April 7-16, 2006. N=737 adults nationwide. MoE ± 4.  "
"Now I'd like your views on some people. Would you say your overall opinion of Howard Dean is very favorable, mostly favorable, mostly unfavorable, or very unfavorable?"
date,very favorable,mostly favorable,mostly unfavorable,very unfavorable,never heard of (vol.),can't rate (vol.),sample_size,margin_of_error,subpopulation,question_type,url,original,question,pollster
"=""4/7-16/06""",5,26,23,15,19,12,737,4,a,favorability,http://www.pollingreport.com/d.htm,"Pew Research Center for the People & the Press survey conducted by Princeton Survey Research Associates International. April 7-16, 2006. N=737 adults nationwide. MoE ± 4.  ","""Now I'd like your views on some people. Would you say your overall opinion of Howard Dean is very favorable, mostly favorable, mostly unfavorable, or very unfavorable?""",Pew Research Center for the People & the Press survey conducted by Princeton Survey Research Associates International
"=""10/12-24/05""",4,25,22,15,19,15,,,,favorability,http://www.pollingreport.com/d.htm,"Pew Research Center for the People & the Press survey conducted by Princeton Survey Research Associates International. April 7-16, 2006. N=737 adults nationwide. MoE ± 4.  ","""Now I'd like your views on some people. Would you say your overall opinion of Howard Dean is very favorable, mostly favorable, mostly unfavorable, or very unfavorable?""",Pew Research Center for the People & the Press survey conducted by Princeton Survey Research Associates International
"=""3/17-27/05""",6,26,20,11,12,25,,,,favorability,http://www.pollingreport.com/d.htm,"Pew Research Center for the People & the Press survey conducted by Princeton Survey Research Associates International. April 7-16, 2006. N=737 adults nationwide. MoE ± 4.  ","""Now I'd like your views on some people. Would you say your overall opinion of Howard Dean is very favorable, mostly favorable, mostly unfavorable, or very unfavorable?""",Pew Research Center for the People & the Press survey conducted by Princeton Survey Research Associates International
"=""1/8-12/03""",2,11,9,3,57,18,,,,favorability,http://www.pollingreport.com/d.htm,"Pew Research Center for the People & the Press survey conducted by Princeton Survey Research Associates International. April 7-16, 2006. N=737 adults nationwide. MoE ± 4.  ","""Now I'd like your views on some people. Would you say your overall opinion of Howard Dean is very favorable, mostly favorable, mostly unfavorable, or very unfavorable?""",Pew Research Center for the People & the Press survey conducted by Princeton Survey Research Associates International






"d.htm | Question 10"
"NBC News/Wall Street Journal Poll conducted by the polling organizations of Peter Hart (D) and Bill McInturff (R). July 8-11, 2005. N=500 adults nationwide. "
"Now I'm going to read you the names of several public figures and groups, and I'd like you to rate your feelings toward each one as either very positive, somewhat positive, neutral, somewhat negative, or very negative. If you don't know the name, please just say so. Howard Dean."
date,very positive,somewhat positive,neutral,somewhat negative,very negative,don't know name/ not sure,sample_size,margin_of_error,subpopulation,question_type,url,original,question,pollster
"=""7/8-11/05""",3,14,27,17,16,23,500,,a,thermometer,http://www.pollingreport.com/d.htm,"NBC News/Wall Street Journal Poll conducted by the polling organizations of Peter Hart (D) and Bill McInturff (R). July 8-11, 2005. N=500 adults nationwide. ","""Now I'm going to read you the names of several public figures and groups, and I'd like you to rate your feelings toward each one as either very positive, somewhat positive, neutral, somewhat negative, or very negative. If you don't know the name, please just say so. Howard Dean.""",NBC News/Wall Street Journal Poll conducted by the polling organizations of Peter Hart (D) and Bill McInturff (R)
"=""2/10-14/05""",8,20,28,12,15,17,,,,thermometer,http://www.pollingreport.com/d.htm,"NBC News/Wall Street Journal Poll conducted by the polling organizations of Peter Hart (D) and Bill McInturff (R). July 8-11, 2005. N=500 adults nationwide. ","""Now I'm going to read you the names of several public figures and groups, and I'd like you to rate your feelings toward each one as either very positive, somewhat positive, neutral, somewhat negative, or very negative. If you don't know the name, please just say so. Howard Dean.""",NBC News/Wall Street Journal Poll conducted by the polling organizations of Peter Hart (D) and Bill McInturff (R)
"=""1/13-17/05""",4,18,32,12,12,22,,,,thermometer,http://www.pollingreport.com/d.htm,"NBC News/Wall Street Journal Poll conducted by the polling organizations of Peter Hart (D) and Bill McInturff (R). July 8-11, 2005. N=500 adults nationwide. ","""Now I'm going to read you the names of several public figures and groups, and I'd like you to rate your feelings toward each one as either very positive, somewhat positive, neutral, somewhat negative, or very negative. If you don't know the name, please just say so. Howard Dean.""",NBC News/Wall Street Journal Poll conducted by the polling organizations of Peter Hart (D) and Bill McInturff (R)
"=""1/04""",7,20,20,13,21,19,,,,thermometer,http://www.pollingreport.com/d.htm,"NBC News/Wall Street Journal Poll conducted by the polling organizations of Peter Hart (D) and Bill McInturff (R). July 8-11, 2005. N=500 adults nationwide. ","""Now I'm going to read you the names of several public figures and groups, and I'd like you to rate your feelings toward each one as either very positive, somewhat positive, neutral, somewhat negative, or very negative. If you don't know the name, please just say so. Howard Dean.""",NBC News/Wall Street Journal Poll conducted by the polling organizations of Peter Hart (D) and Bill McInturff (R)
"=""12/03""",9,19,19,12,14,27,,,,thermometer,http://www.pollingreport.com/d.htm,"NBC News/Wall Street Journal Poll conducted by the polling organizations of Peter Hart (D) and Bill McInturff (R). July 8-11, 2005. N=500 adults nationwide. ","""Now I'm going to read you the names of several public figures and groups, and I'd like you to rate your feelings toward each one as either very positive, somewhat positive, neutral, somewhat negative, or very negative. If you don't know the name, please just say so. Howard Dean.""",NBC News/Wall Street Journal Poll conducted by the polling organizations of Peter Hart (D) and Bill McInturff (R)
"=""11/03""",3,15,21,11,10,39,,,,thermometer,http://www.pollingreport.com/d.htm,"NBC News/Wall Street Journal Poll conducted by the polling organizations of Peter Hart (D) and Bill McInturff (R). July 8-11, 2005. N=500 adults nationwide. ","""Now I'm going to read you the names of several public figures and groups, and I'd like you to rate your feelings toward each one as either very positive, somewhat positive, neutral, somewhat negative, or very negative. If you don't know the name, please just say so. Howard Dean.""",NBC News/Wall Street Journal Poll conducted by the polling organizations of Peter Hart (D) and Bill McInturff (R)
"=""9/03""",3,15,21,10,10,42,,,,thermometer,http://www.pollingreport.com/d.htm,"NBC News/Wall Street Journal Poll conducted by the polling organizations of Peter Hart (D) and Bill McInturff (R). July 8-11, 2005. N=500 adults nationwide. ","""Now I'm going to read you the names of several public figures and groups, and I'd like you to rate your feelings toward each one as either very positive, somewhat positive, neutral, somewhat negative, or very negative. If you don't know the name, please just say so. Howard Dean.""",NBC News/Wall Street Journal Poll conducted by the polling organizations of Peter Hart (D) and Bill McInturff (R)
"=""7/03""",5,10,16,5,9,55,,,,thermometer,http://www.pollingreport.com/d.htm,"NBC News/Wall Street Journal Poll conducted by the polling organizations of Peter Hart (D) and Bill McInturff (R). July 8-11, 2005. N=500 adults nationwide. ","""Now I'm going to read you the names of several public figures and groups, and I'd like you to rate your feelings toward each one as either very positive, somewhat positive, neutral, somewhat negative, or very negative. If you don't know the name, please just say so. Howard Dean.""",NBC News/Wall Street Journal Poll conducted by the polling organizations of Peter Hart (D) and Bill McInturff (R)






"d.htm | Question 11"
"FOX News/Opinion Dynamics Poll. June 14-15, 2005. N=900 registered voters nationwide. MoE ± 3.  "
"I'm going to read the names of some people. Please tell me whether you have a generally favorable or unfavorable opinion of each. If you've never heard of one, please just say so. Howard Dean."
date,favorable,unfavorable,can't say (vol.),never heard of,sample_size,margin_of_error,subpopulation,question_type,url,original,question,pollster
"=""6/14-15/05""",23,41,24,13,900,3,rv,favorability,http://www.pollingreport.com/d.htm,"FOX News/Opinion Dynamics Poll. June 14-15, 2005. N=900 registered voters nationwide. MoE ± 3.  ","""I'm going to read the names of some people. Please tell me whether you have a generally favorable or unfavorable opinion of each. If you've never heard of one, please just say so. Howard Dean.""",FOX News/Opinion Dynamics Poll
"=""3/1-2/05""",33,32,23,12,,,,favorability,http://www.pollingreport.com/d.htm,"FOX News/Opinion Dynamics Poll. June 14-15, 2005. N=900 registered voters nationwide. MoE ± 3.  ","""I'm going to read the names of some people. Please tell me whether you have a generally favorable or unfavorable opinion of each. If you've never heard of one, please just say so. Howard Dean.""",FOX News/Opinion Dynamics Poll
"=""1/21-22/04""",28,43,21,8,,,,favorability,http://www.pollingreport.com/d.htm,"FOX News/Opinion Dynamics Poll. June 14-15, 2005. N=900 registered voters nationwide. MoE ± 3.  ","""I'm going to read the names of some people. Please tell me whether you have a generally favorable or unfavorable opinion of each. If you've never heard of one, please just say so. Howard Dean.""",FOX News/Opinion Dynamics Poll
"=""10/28-29/03""",26,23,23,28,,,,favorability,http://www.pollingreport.com/d.htm,"FOX News/Opinion Dynamics Poll. June 14-15, 2005. N=900 registered voters nationwide. MoE ± 3.  ","""I'm going to read the names of some people. Please tell me whether you have a generally favorable or unfavorable opinion of each. If you've never heard of one, please just say so. Howard Dean.""",FOX News/Opinion Dynamics Poll
"=""8/03""",19,16,23,42,,,,favorability,http://www.pollingreport.com/d.htm,"FOX News/Opinion Dynamics Poll. June 14-15, 2005. N=900 registered voters nationwide. MoE ± 3.  ","""I'm going to read the names of some people. Please tell me whether you have a generally favorable or unfavorable opinion of each. If you've never heard of one, please just say so. Howard Dean.""",FOX News/Opinion Dynamics Poll
"=""6/03""",12,12,20,56,,,,favorability,http://www.pollingreport.com/d.htm,"FOX News/Opinion Dynamics Poll. June 14-15, 2005. N=900 registered voters nationwide. MoE ± 3.  ","""I'm going to read the names of some people. Please tell me whether you have a generally favorable or unfavorable opinion of each. If you've never heard of one, please just say so. Howard Dean.""",FOX News/Opinion Dynamics Poll
"=""1/03""",7,8,18,67,,,,favorability,http://www.pollingreport.com/d.htm,"FOX News/Opinion Dynamics Poll. June 14-15, 2005. N=900 registered voters nationwide. MoE ± 3.  ","""I'm going to read the names of some people. Please tell me whether you have a generally favorable or unfavorable opinion of each. If you've never heard of one, please just say so. Howard Dean.""",FOX News/Opinion Dynamics Poll






"d.htm | Question 12"
"CNN/USA Today/Gallup Poll. May 20-22, 2005. N=1,006 adults nationwide. MoE ± 3."
"Next, I'd like to get your overall opinion of some people in the news. As I read each name, please say if you have a favorable or unfavorable opinion of these people -- or if you have never heard of them. How about Howard Dean?"
date,favorable,unfavorable,never heard of,unsure,sample_size,margin_of_error,subpopulation,question_type,url,original,question,pollster
"=""5/20-22/05""",35,33,18,14,1006,3,a,favorability,http://www.pollingreport.com/d.htm,"CNN/USA Today/Gallup Poll. May 20-22, 2005. N=1,006 adults nationwide. MoE ± 3.","""Next, I'd like to get your overall opinion of some people in the news. As I read each name, please say if you have a favorable or unfavorable opinion of these people -- or if you have never heard of them. How about Howard Dean?""",CNN/USA Today/Gallup Poll
"=""2/4-6/05""",31,38,16,15,,,,favorability,http://www.pollingreport.com/d.htm,"CNN/USA Today/Gallup Poll. May 20-22, 2005. N=1,006 adults nationwide. MoE ± 3.","""Next, I'd like to get your overall opinion of some people in the news. As I read each name, please say if you have a favorable or unfavorable opinion of these people -- or if you have never heard of them. How about Howard Dean?""",CNN/USA Today/Gallup Poll
"=""1/29 - 2/1/04""",42,42,5,11,,,,favorability,http://www.pollingreport.com/d.htm,"CNN/USA Today/Gallup Poll. May 20-22, 2005. N=1,006 adults nationwide. MoE ± 3.","""Next, I'd like to get your overall opinion of some people in the news. As I read each name, please say if you have a favorable or unfavorable opinion of these people -- or if you have never heard of them. How about Howard Dean?""",CNN/USA Today/Gallup Poll
"=""1/2-5/04""",28,39,17,16,,,,favorability,http://www.pollingreport.com/d.htm,"CNN/USA Today/Gallup Poll. May 20-22, 2005. N=1,006 adults nationwide. MoE ± 3.","""Next, I'd like to get your overall opinion of some people in the news. As I read each name, please say if you have a favorable or unfavorable opinion of these people -- or if you have never heard of them. How about Howard Dean?""",CNN/USA Today/Gallup Poll
"=""11/03""",26,24,33,17,,,,favorability,http://www.pollingreport.com/d.htm,"CNN/USA Today/Gallup Poll. May 20-22, 2005. N=1,006 adults nationwide. MoE ± 3.","""Next, I'd like to get your overall opinion of some people in the news. As I read each name, please say if you have a favorable or unfavorable opinion of these people -- or if you have never heard of them. How about Howard Dean?""",CNN/USA Today/Gallup Poll






"d.htm | Question 13"
"Newsweek Poll conducted by Princeton Survey Research Associates. Jan. 29-30, 2004. N=467 registered Democrats and independents who lean Democratic. MoE ± 5."
". . . What about
manually enter poll





"d.htm | Question 14"
"CBS News/New York Times Poll. Jan. 12-15, 2004. N=877 registered voters nationwide."
"Is your opinion of
date,favorable,not favorable,undecided,haven't heard enough,sample_size,margin_of_error,subpopulation,question_type,url,original,question,pollster
"=""1/04""",21,29,24,26,877,,rv,favorability,http://www.pollingreport.com/d.htm,"CBS News/New York Times Poll. Jan. 12-15, 2004. N=877 registered voters nationwide.","""Is your opinion of",CBS News/New York Times Poll
"=""12/03""",20,25,23,32,,,,favorability,http://www.pollingreport.com/d.htm,"CBS News/New York Times Poll. Jan. 12-15, 2004. N=877 registered voters nationwide.","""Is your opinion of",CBS News/New York Times Poll
"=""8/03""",11,12,16,61,,,,favorability,http://www.pollingreport.com/d.htm,"CBS News/New York Times Poll. Jan. 12-15, 2004. N=877 registered voters nationwide.","""Is your opinion of",CBS News/New York Times Poll






"d.htm | Question 15"
"Time/CNN Poll conducted by Harris Interactive. Feb. 19-20, 2003. N=629 Democrats and independents who lean Democratic nationwide. "
"Next, I'm going to read you the names of some people in the news today. Please tell me whether you have generally favorable or generally unfavorable impressions of each, or whether you are not familiar enough to say one way or another. Vermont Governor Howard Dean."
date,favorable,unfavorable,not familiar,not sure,sample_size,margin_of_error,subpopulation,question_type,url,original,question,pollster
"=""2/03""",13,8,76,3,629,,,favorability,http://www.pollingreport.com/d.htm,"Time/CNN Poll conducted by Harris Interactive. Feb. 19-20, 2003. N=629 Democrats and independents who lean Democratic nationwide. ","""Next, I'm going to read you the names of some people in the news today. Please tell me whether you have generally favorable or generally unfavorable impressions of each, or whether you are not familiar enough to say one way or another. Vermont Governor Howard Dean.""",Time/CNN Poll conducted by Harris Interactive
"=""11/02""",12,3,81,4,,,,favorability,http://www.pollingreport.com/d.htm,"Time/CNN Poll conducted by Harris Interactive. Feb. 19-20, 2003. N=629 Democrats and independents who lean Democratic nationwide. ","""Next, I'm going to read you the names of some people in the news today. Please tell me whether you have generally favorable or generally unfavorable impressions of each, or whether you are not familiar enough to say one way or another. Vermont Governor Howard Dean.""",Time/CNN Poll conducted by Harris Interactive






"d.htm | Question 16"
"Zogby America Poll. Jan. 24-26, 2003. N=1,017 likely voters nationwide. MoE ± 3.1. "
"Please tell me if your overall opinion of each of the following people is very favorable, somewhat favorable, somewhat unfavorable, very unfavorable, or you are not familiar enough to form an opinion. Howard Dean."
date,very favorable,somewhat favorable,somewhat unfav- orable,very unfav- orable,not familiar enough,not sure,sample_size,margin_of_error,subpopulation,question_type,url,original,question,pollster
"=""1/03""",4,10,5,5,73,2,1017,3,lv,favorability,http://www.pollingreport.com/d.htm,"Zogby America Poll. Jan. 24-26, 2003. N=1,017 likely voters nationwide. MoE ± 3.1. ","""Please tell me if your overall opinion of each of the following people is very favorable, somewhat favorable, somewhat unfavorable, very unfavorable, or you are not familiar enough to form an opinion. Howard Dean.""",Zogby America Poll






"d.htm | Question 17"
"Pew Research Center for the People & the Press survey conducted by Princeton Survey Research Associates International. April 7-16, 2006. N=737 adults nationwide. MoE ± 4.  "
"Now I'd like your views on some people. As I read from a list, please tell me which category best describes your overall opinion of who I name. Would you say your overall opinion of
date,very favorable,mostly favorable,mostly unfavorable,very unfavorable,never heard of (vol.),can't rate (vol.),sample_size,margin_of_error,subpopulation,question_type,url,original,question,pollster
"=""4/7-16/06""",5,18,24,25,15,13,737,4,a,favorability,http://www.pollingreport.com/d.htm,"Pew Research Center for the People & the Press survey conducted by Princeton Survey Research Associates International. April 7-16, 2006. N=737 adults nationwide. MoE ± 4.  ","""Now I'd like your views on some people. As I read from a list, please tell me which category best describes your overall opinion of who I name. Would you say your overall opinion of",Pew Research Center for the People & the Press survey conducted by Princeton Survey Research Associates International
"=""10/12-24/05""",2,16,20,20,27,15,,,,favorability,http://www.pollingreport.com/d.htm,"Pew Research Center for the People & the Press survey conducted by Princeton Survey Research Associates International. April 7-16, 2006. N=737 adults nationwide. MoE ± 4.  ","""Now I'd like your views on some people. As I read from a list, please tell me which category best describes your overall opinion of who I name. Would you say your overall opinion of",Pew Research Center for the People & the Press survey conducted by Princeton Survey Research Associates International






"d.htm | Question 18"
"Diageo/Hotline Poll conducted by Financial Dynamics. Feb. 16-19, 2006. N=807 registered voters nationwide. MoE ± 3.5."
"Please tell me if you have a favorable or unfavorable opinion of the following public figures. If you haven't heard of them, just tell me and we'll move on. Tom DeLay."
date,favorable,unfavorable,heard of/ can't rate (vol.),haven't heard of,unsure,sample_size,margin_of_error,subpopulation,question_type,url,original,question,pollster
"=""2/16-19/06""",18,40,13,24,5,807,3,rv,favorability,http://www.pollingreport.com/d.htm,"Diageo/Hotline Poll conducted by Financial Dynamics. Feb. 16-19, 2006. N=807 registered voters nationwide. MoE ± 3.5.","""Please tell me if you have a favorable or unfavorable opinion of the following public figures. If you haven't heard of them, just tell me and we'll move on. Tom DeLay.""",Diageo/Hotline Poll conducted by Financial Dynamics
"=""1/12-15/06""",15,47,13,19,7,,,,favorability,http://www.pollingreport.com/d.htm,"Diageo/Hotline Poll conducted by Financial Dynamics. Feb. 16-19, 2006. N=807 registered voters nationwide. MoE ± 3.5.","""Please tell me if you have a favorable or unfavorable opinion of the following public figures. If you haven't heard of them, just tell me and we'll move on. Tom DeLay.""",Diageo/Hotline Poll conducted by Financial Dynamics
"=""12/12-13/05""",17,36,19,26,2,,,,favorability,http://www.pollingreport.com/d.htm,"Diageo/Hotline Poll conducted by Financial Dynamics. Feb. 16-19, 2006. N=807 registered voters nationwide. MoE ± 3.5.","""Please tell me if you have a favorable or unfavorable opinion of the following public figures. If you haven't heard of them, just tell me and we'll move on. Tom DeLay.""",Diageo/Hotline Poll conducted by Financial Dynamics
"=""11/11-15/05""",16,42,21,16,6,,,,favorability,http://www.pollingreport.com/d.htm,"Diageo/Hotline Poll conducted by Financial Dynamics. Feb. 16-19, 2006. N=807 registered voters nationwide. MoE ± 3.5.","""Please tell me if you have a favorable or unfavorable opinion of the following public figures. If you haven't heard of them, just tell me and we'll move on. Tom DeLay.""",Diageo/Hotline Poll conducted by Financial Dynamics
"=""10/12-16/05""",15,44,12,26,3,,,,favorability,http://www.pollingreport.com/d.htm,"Diageo/Hotline Poll conducted by Financial Dynamics. Feb. 16-19, 2006. N=807 registered voters nationwide. MoE ± 3.5.","""Please tell me if you have a favorable or unfavorable opinion of the following public figures. If you haven't heard of them, just tell me and we'll move on. Tom DeLay.""",Diageo/Hotline Poll conducted by Financial Dynamics
"=""7/7-10/05""",13,36,22,23,6,,,,favorability,http://www.pollingreport.com/d.htm,"Diageo/Hotline Poll conducted by Financial Dynamics. Feb. 16-19, 2006. N=807 registered voters nationwide. MoE ± 3.5.","""Please tell me if you have a favorable or unfavorable opinion of the following public figures. If you haven't heard of them, just tell me and we'll move on. Tom DeLay.""",Diageo/Hotline Poll conducted by Financial Dynamics
"=""4/28 - 5/1/05""",14,35,20,25,7,,,,favorability,http://www.pollingreport.com/d.htm,"Diageo/Hotline Poll conducted by Financial Dynamics. Feb. 16-19, 2006. N=807 registered voters nationwide. MoE ± 3.5.","""Please tell me if you have a favorable or unfavorable opinion of the following public figures. If you haven't heard of them, just tell me and we'll move on. Tom DeLay.""",Diageo/Hotline Poll conducted by Financial Dynamics
"=""3/31 - 4/3/05""",16,27,19,30,8,,,,favorability,http://www.pollingreport.com/d.htm,"Diageo/Hotline Poll conducted by Financial Dynamics. Feb. 16-19, 2006. N=807 registered voters nationwide. MoE ± 3.5.","""Please tell me if you have a favorable or unfavorable opinion of the following public figures. If you haven't heard of them, just tell me and we'll move on. Tom DeLay.""",Diageo/Hotline Poll conducted by Financial Dynamics






"d.htm | Question 19"
"FOX News/Opinion Dynamics Poll. Oct. 25-26 , 2005. N=900 registered voters nationwide. MoE ± 3."
"I'm going to read the names of some people. Please tell me whether you have a generally favorable or unfavorable opinion of each. If you've never heard of one, please just say so. Tom DeLay."
date,favorable,unfavorable,can't say (vol.),never heard of,sample_size,margin_of_error,subpopulation,question_type,url,original,question,pollster
"=""10/25-26/05""",19,40,20,21,900,3,rv,favorability,http://www.pollingreport.com/d.htm,"FOX News/Opinion Dynamics Poll. Oct. 25-26 , 2005. N=900 registered voters nationwide. MoE ± 3.","""I'm going to read the names of some people. Please tell me whether you have a generally favorable or unfavorable opinion of each. If you've never heard of one, please just say so. Tom DeLay.""",FOX News/Opinion Dynamics Poll
"=""4/25-26/05""",21,34,25,20,,,,favorability,http://www.pollingreport.com/d.htm,"FOX News/Opinion Dynamics Poll. Oct. 25-26 , 2005. N=900 registered voters nationwide. MoE ± 3.","""I'm going to read the names of some people. Please tell me whether you have a generally favorable or unfavorable opinion of each. If you've never heard of one, please just say so. Tom DeLay.""",FOX News/Opinion Dynamics Poll






"d.htm | Question 20"
"CNN/USA Today/Gallup Poll. Oct. 21-23 , 2005. N=1,008 adults nationwide. MoE ± 3."
"Next, I'd like to get your overall opinion of some people in the news. As I read each name, please say if you have a favorable or unfavorable opinion of this person -- or if you have never heard of him or her. Texas Congressman Tom DeLay."
date,favorable,unfavorable,never heard of,unsure,sample_size,margin_of_error,subpopulation,question_type,url,original,question,pollster
"=""10/21-23/05""",20,49,17,14,1008,3,a,favorability,http://www.pollingreport.com/d.htm,"CNN/USA Today/Gallup Poll. Oct. 21-23 , 2005. N=1,008 adults nationwide. MoE ± 3.","""Next, I'd like to get your overall opinion of some people in the news. As I read each name, please say if you have a favorable or unfavorable opinion of this person -- or if you have never heard of him or her. Texas Congressman Tom DeLay.""",CNN/USA Today/Gallup Poll
"=""10/13-16/05""",18,45,20,17,,,,favorability,http://www.pollingreport.com/d.htm,"CNN/USA Today/Gallup Poll. Oct. 21-23 , 2005. N=1,008 adults nationwide. MoE ± 3.","""Next, I'd like to get your overall opinion of some people in the news. As I read each name, please say if you have a favorable or unfavorable opinion of this person -- or if you have never heard of him or her. Texas Congressman Tom DeLay.""",CNN/USA Today/Gallup Poll
"=""4/29 - 5/1/05""",27,38,22,13,,,,favorability,http://www.pollingreport.com/d.htm,"CNN/USA Today/Gallup Poll. Oct. 21-23 , 2005. N=1,008 adults nationwide. MoE ± 3.","""Next, I'd like to get your overall opinion of some people in the news. As I read each name, please say if you have a favorable or unfavorable opinion of this person -- or if you have never heard of him or her. Texas Congressman Tom DeLay.""",CNN/USA Today/Gallup Poll
"=""4/1-2/05""",27,31,26,16,,,,favorability,http://www.pollingreport.com/d.htm,"CNN/USA Today/Gallup Poll. Oct. 21-23 , 2005. N=1,008 adults nationwide. MoE ± 3.","""Next, I'd like to get your overall opinion of some people in the news. As I read each name, please say if you have a favorable or unfavorable opinion of this person -- or if you have never heard of him or her. Texas Congressman Tom DeLay.""",CNN/USA Today/Gallup Poll
"=""2/4-6/05""",29,24,24,23,,,,favorability,http://www.pollingreport.com/d.htm,"CNN/USA Today/Gallup Poll. Oct. 21-23 , 2005. N=1,008 adults nationwide. MoE ± 3.","""Next, I'd like to get your overall opinion of some people in the news. As I read each name, please say if you have a favorable or unfavorable opinion of this person -- or if you have never heard of him or her. Texas Congressman Tom DeLay.""",CNN/USA Today/Gallup Poll
"=""7/03""",33,19,34,14,,,,favorability,http://www.pollingreport.com/d.htm,"CNN/USA Today/Gallup Poll. Oct. 21-23 , 2005. N=1,008 adults nationwide. MoE ± 3.","""Next, I'd like to get your overall opinion of some people in the news. As I read each name, please say if you have a favorable or unfavorable opinion of this person -- or if you have never heard of him or her. Texas Congressman Tom DeLay.""",CNN/USA Today/Gallup Poll






"d.htm | Question 21"
"NBC News/Wall Street Journal Poll conducted by the polling organizations of Peter Hart (D) and Bill McInturff (R). Oct. 8-10, 2005. N=807 adults nationwide. MoE ± 3.4."
"Now I'm going to read you the names of several public figures and organizations, and I'd like you to rate your feelings toward each one as either very positive, somewhat positive, neutral, somewhat negative, or very negative. If you don't know the name, please just say so. Tom DeLay."
date,very positive,somewhat positive,neutral,somewhat negative,very negative,don't know name/ not sure,,sample_size,margin_of_error,subpopulation,question_type,url,original,question,pollster
"=""10/8-10/05""",3,8,22,13,23,31,.,807,3,a,thermometer,http://www.pollingreport.com/d.htm,"NBC News/Wall Street Journal Poll conducted by the polling organizations of Peter Hart (D) and Bill McInturff (R). Oct. 8-10, 2005. N=807 adults nationwide. MoE ± 3.4.","""Now I'm going to read you the names of several public figures and organizations, and I'd like you to rate your feelings toward each one as either very positive, somewhat positive, neutral, somewhat negative, or very negative. If you don't know the name, please just say so. Tom DeLay.""",NBC News/Wall Street Journal Poll conducted by the polling organizations of Peter Hart (D) and Bill McInturff (R)
"=""5/12-16/05""",5,11,19,11,19,35,.,,,,thermometer,http://www.pollingreport.com/d.htm,"NBC News/Wall Street Journal Poll conducted by the polling organizations of Peter Hart (D) and Bill McInturff (R). Oct. 8-10, 2005. N=807 adults nationwide. MoE ± 3.4.","""Now I'm going to read you the names of several public figures and organizations, and I'd like you to rate your feelings toward each one as either very positive, somewhat positive, neutral, somewhat negative, or very negative. If you don't know the name, please just say so. Tom DeLay.""",NBC News/Wall Street Journal Poll conducted by the polling organizations of Peter Hart (D) and Bill McInturff (R)
"=""3/31 - 4/3/05""",4,13,18,9,15,41,.,,,,thermometer,http://www.pollingreport.com/d.htm,"NBC News/Wall Street Journal Poll conducted by the polling organizations of Peter Hart (D) and Bill McInturff (R). Oct. 8-10, 2005. N=807 adults nationwide. MoE ± 3.4.","""Now I'm going to read you the names of several public figures and organizations, and I'd like you to rate your feelings toward each one as either very positive, somewhat positive, neutral, somewhat negative, or very negative. If you don't know the name, please just say so. Tom DeLay.""",NBC News/Wall Street Journal Poll conducted by the polling organizations of Peter Hart (D) and Bill McInturff (R)
"=""1/13-17/05""",4,13,21,10,10,42,.,,,,thermometer,http://www.pollingreport.com/d.htm,"NBC News/Wall Street Journal Poll conducted by the polling organizations of Peter Hart (D) and Bill McInturff (R). Oct. 8-10, 2005. N=807 adults nationwide. MoE ± 3.4.","""Now I'm going to read you the names of several public figures and organizations, and I'd like you to rate your feelings toward each one as either very positive, somewhat positive, neutral, somewhat negative, or very negative. If you don't know the name, please just say so. Tom DeLay.""",NBC News/Wall Street Journal Poll conducted by the polling organizations of Peter Hart (D) and Bill McInturff (R)
"=""12/9-13/04""",3,9,26,7,10,45,.,,,,thermometer,http://www.pollingreport.com/d.htm,"NBC News/Wall Street Journal Poll conducted by the polling organizations of Peter Hart (D) and Bill McInturff (R). Oct. 8-10, 2005. N=807 adults nationwide. MoE ± 3.4.","""Now I'm going to read you the names of several public figures and organizations, and I'd like you to rate your feelings toward each one as either very positive, somewhat positive, neutral, somewhat negative, or very negative. If you don't know the name, please just say so. Tom DeLay.""",NBC News/Wall Street Journal Poll conducted by the polling organizations of Peter Hart (D) and Bill McInturff (R)
"=""12/7-10/00""",2,7,19,5,8,59,.,,,,thermometer,http://www.pollingreport.com/d.htm,"NBC News/Wall Street Journal Poll conducted by the polling organizations of Peter Hart (D) and Bill McInturff (R). Oct. 8-10, 2005. N=807 adults nationwide. MoE ± 3.4.","""Now I'm going to read you the names of several public figures and organizations, and I'd like you to rate your feelings toward each one as either very positive, somewhat positive, neutral, somewhat negative, or very negative. If you don't know the name, please just say so. Tom DeLay.""",NBC News/Wall Street Journal Poll conducted by the polling organizations of Peter Hart (D) and Bill McInturff (R)
"=""7/99""",2,7,19,3,4,65,.,,,,thermometer,http://www.pollingreport.com/d.htm,"NBC News/Wall Street Journal Poll conducted by the polling organizations of Peter Hart (D) and Bill McInturff (R). Oct. 8-10, 2005. N=807 adults nationwide. MoE ± 3.4.","""Now I'm going to read you the names of several public figures and organizations, and I'd like you to rate your feelings toward each one as either very positive, somewhat positive, neutral, somewhat negative, or very negative. If you don't know the name, please just say so. Tom DeLay.""",NBC News/Wall Street Journal Poll conducted by the polling organizations of Peter Hart (D) and Bill McInturff (R)






"d.htm | Question 22"
"CBS News Poll. Oct. 3-5, 2005. N=808 adults nationwide. MoE ± 4."
"Is your opinion of
date,favorable,not favorable,undecided,haven't heard enough,refused,sample_size,margin_of_error,subpopulation,question_type,url,original,question,pollster
"=""10/3-5/05""",7,21,17,54,1,808,4,a,favorability,http://www.pollingreport.com/d.htm,"CBS News Poll. Oct. 3-5, 2005. N=808 adults nationwide. MoE ± 4.","""Is your opinion of",CBS News Poll
"=""5/20-23/05""",6,18,19,56,1,,,,favorability,http://www.pollingreport.com/d.htm,"CBS News Poll. Oct. 3-5, 2005. N=808 adults nationwide. MoE ± 4.","""Is your opinion of",CBS News Poll
"=""4/13-16/05""",7,22,16,53,2,,,,favorability,http://www.pollingreport.com/d.htm,"CBS News Poll. Oct. 3-5, 2005. N=808 adults nationwide. MoE ± 4.","""Is your opinion of",CBS News Poll






"d.htm | Question 23"
"The Harris Poll. Aug. 9-16, 2005. N=1,217 adults nationwide. MoE ± 3.  "
"How do you rate the job House Majority Leader Tom DeLay is doing: excellent, pretty good, only fair, or poor?"
date,excellent/ pretty good,only fair/ poor,sample_size,margin_of_error,subpopulation,question_type,url,original,question,pollster
"=""8/9-16/05""",28,54,1217,3,a,approval,http://www.pollingreport.com/d.htm,"The Harris Poll. Aug. 9-16, 2005. N=1,217 adults nationwide. MoE ± 3.  ","""How do you rate the job House Majority Leader Tom DeLay is doing: excellent, pretty good, only fair, or poor?""",The Harris Poll
"=""6/7-12/05""",28,55,,,,approval,http://www.pollingreport.com/d.htm,"The Harris Poll. Aug. 9-16, 2005. N=1,217 adults nationwide. MoE ± 3.  ","""How do you rate the job House Majority Leader Tom DeLay is doing: excellent, pretty good, only fair, or poor?""",The Harris Poll






"d.htm | Question 24"
"Pew Research Center for the People & the Press survey. May 11-15, 2005. N=1,502 adults nationwide. MoE ± 3."
"How closely did you follow news about ethics complaints made against the House majority leader Tom DeLay: very closely, fairly closely, not too closely, or not at all closely?"
manually enter poll





"d.htm | Question 25"
"ABC News/Washington Post Poll. April 21-24, 2005. N=1,007 adults nationwide. MoE ± 3."
"Do you approve or disapprove of the way Tom DeLay is handling his job as majority leader of the U.S. House of Representatives?"
manually enter poll





"d.htm | Question 26"
"CNN/Opinion Research Corporation Poll. Dec. 17-19, 2010. N=1,008 adults nationwide. Margin of error ± 3."
"We'd like to get your overall opinion of some people in the news. As I read each name, please say if you have a favorable or unfavorable opinion of these people -- or if you have never heard of them. South Carolina Senator Jim DeMint."
date,favorable,unfavorable,never heard of,unsure,sample_size,margin_of_error,subpopulation,question_type,url,original,question,pollster
"=""12/17-19/10""",14,16,18,52,1008,3,a,favorability,http://www.pollingreport.com/d.htm,"CNN/Opinion Research Corporation Poll. Dec. 17-19, 2010. N=1,008 adults nationwide. Margin of error ± 3.","""We'd like to get your overall opinion of some people in the news. As I read each name, please say if you have a favorable or unfavorable opinion of these people -- or if you have never heard of them. South Carolina Senator Jim DeMint.""",CNN/Opinion Research Corporation Poll






"d.htm | Question 27"
"Diageo/Hotline Poll conducted by FD. March 26-29, 2009. N=800 registered voters nationwide. MoE ± 3.5."
""Now, I'd like to ask your opinions on public figures and organizations in the news. I'd like to read you a list of various national public figures, and for each one, please tell me if you have a favorable or unfavorable opinion of them. If you haven't heard of them, just tell me and we'll move on. U.S. Senator Chris Dodd."
date,favorable,unfavorable,heard of/can't rate (vol.),haven't heard of,unsure,sample_size,margin_of_error,subpopulation,question_type,url,original,question,pollster
"=""3/26-29/09""",18,31,26,21,5,800,3,rv,favorability,http://www.pollingreport.com/d.htm,"Diageo/Hotline Poll conducted by FD. March 26-29, 2009. N=800 registered voters nationwide. MoE ± 3.5.","""""Now, I'd like to ask your opinions on public figures and organizations in the news. I'd like to read you a list of various national public figures, and for each one, please tell me if you have a favorable or unfavorable opinion of them. If you haven't heard of them, just tell me and we'll move on. U.S. Senator Chris Dodd.""",Diageo/Hotline Poll conducted by FD
"=""1/12-14/07""",14,12,25,45,5,,,,favorability,http://www.pollingreport.com/d.htm,"Diageo/Hotline Poll conducted by FD. March 26-29, 2009. N=800 registered voters nationwide. MoE ± 3.5.","""""Now, I'd like to ask your opinions on public figures and organizations in the news. I'd like to read you a list of various national public figures, and for each one, please tell me if you have a favorable or unfavorable opinion of them. If you haven't heard of them, just tell me and we'll move on. U.S. Senator Chris Dodd.""",Diageo/Hotline Poll conducted by FD






"d.htm | Question 28"
"CBS News Poll . Jan. 1-3, 2007. N=993 adults nationwide. MoE ± 3 ."
"Is your opinion of Christopher Dodd favorable, not favorable, undecided, or haven't you heard enough about Christopher Dodd yet to have an opinion?"
date,favorable,not favorable,undecided,haven't heard enough,refused,sample_size,margin_of_error,subpopulation,question_type,url,original,question,pollster
"=""1/1-3/07""",4,9,13,73,1,993,3,a,favorability,http://www.pollingreport.com/d.htm,"CBS News Poll . Jan. 1-3, 2007. N=993 adults nationwide. MoE ± 3 .","""Is your opinion of Christopher Dodd favorable, not favorable, undecided, or haven't you heard enough about Christopher Dodd yet to have an opinion?""",CBS News Poll 






"d.htm | Question 29"
"ABC News and The Washington Post"
"I'm going to read you a few names. For each, please tell me if you have a favorable or unfavorable impression of that person, or perhaps you don't know enough to say. How about Elizabeth Dole?"
date,favorable,unfavorable,unsure,sample_size,,margin_of_error,subpopulation,question_type,url,original,question,pollster
"=""8/30 - 9/2/99 ***""",60,19,21,1526,,,,favorability,http://www.pollingreport.com/d.htm,ABC News and The Washington Post,"""I'm going to read you a few names. For each, please tell me if you have a favorable or unfavorable impression of that person, or perhaps you don't know enough to say. How about Elizabeth Dole?""",ABC News and The Washington Post
"=""6/5-6/99 **""",58,17,25,1206,,,,favorability,http://www.pollingreport.com/d.htm,ABC News and The Washington Post,"""I'm going to read you a few names. For each, please tell me if you have a favorable or unfavorable impression of that person, or perhaps you don't know enough to say. How about Elizabeth Dole?""",ABC News and The Washington Post
"=""3/11-14/99 ***""",58,17,26,1515,,,,favorability,http://www.pollingreport.com/d.htm,ABC News and The Washington Post,"""I'm going to read you a few names. For each, please tell me if you have a favorable or unfavorable impression of that person, or perhaps you don't know enough to say. How about Elizabeth Dole?""",ABC News and The Washington Post
"=""2/12-14/99 **""",57,13,30,1010,,,,favorability,http://www.pollingreport.com/d.htm,ABC News and The Washington Post,"""I'm going to read you a few names. For each, please tell me if you have a favorable or unfavorable impression of that person, or perhaps you don't know enough to say. How about Elizabeth Dole?""",ABC News and The Washington Post
"=""nan""",,,,,.,,,favorability,http://www.pollingreport.com/d.htm,ABC News and The Washington Post,"""I'm going to read you a few names. For each, please tell me if you have a favorable or unfavorable impression of that person, or perhaps you don't know enough to say. How about Elizabeth Dole?""",ABC News and The Washington Post






"d.htm | Question 30"
"CNN/Time Poll conducted by Yankelovich Partners"
"Next, I'm going to read you the names of some people in the news today. Please tell me whether you have generally favorable or generally unfavorable impressions of each, or whether you are not familiar enough to say one way or another. Elizabeth Dole."
date,favorable,unfavorable,not familiar,not sure,sample_size,margin_of_error,subpopulation,question_type,url,original,question,pollster
"=""7/26-27/00""",47,24,26,3,1255,,,favorability,http://www.pollingreport.com/d.htm,CNN/Time Poll conducted by Yankelovich Partners,"""Next, I'm going to read you the names of some people in the news today. Please tell me whether you have generally favorable or generally unfavorable impressions of each, or whether you are not familiar enough to say one way or another. Elizabeth Dole.""",CNN/Time Poll conducted by Yankelovich Partners
"=""6/9-10/99""",52,27,18,3,1031,,,favorability,http://www.pollingreport.com/d.htm,CNN/Time Poll conducted by Yankelovich Partners,"""Next, I'm going to read you the names of some people in the news today. Please tell me whether you have generally favorable or generally unfavorable impressions of each, or whether you are not familiar enough to say one way or another. Elizabeth Dole.""",CNN/Time Poll conducted by Yankelovich Partners
"=""1/7/99""",60,15,22,3,1067,,,favorability,http://www.pollingreport.com/d.htm,CNN/Time Poll conducted by Yankelovich Partners,"""Next, I'm going to read you the names of some people in the news today. Please tell me whether you have generally favorable or generally unfavorable impressions of each, or whether you are not familiar enough to say one way or another. Elizabeth Dole.""",CNN/Time Poll conducted by Yankelovich Partners






"d.htm | Question 31"
"FOX News/Opinion Dynamics Poll"
"I'm going to read the names of some prominent people. Please tell me whether you have a generally favorable or unfavorable opinion of each one. If you've never heard of someone, please just say so. Elizabeth Dole."
date,favorable,unfavorable,can't say (vol.),never heard of,sample_size,margin_of_error,subpopulation,question_type,url,original,question,pollster
"=""10/20-21/99""",60,22,15,3,904,,rv,favorability,http://www.pollingreport.com/d.htm,FOX News/Opinion Dynamics Poll,"""I'm going to read the names of some prominent people. Please tell me whether you have a generally favorable or unfavorable opinion of each one. If you've never heard of someone, please just say so. Elizabeth Dole.""",FOX News/Opinion Dynamics Poll
"=""6/2-3/99""",63,18,16,3,924,,rv,favorability,http://www.pollingreport.com/d.htm,FOX News/Opinion Dynamics Poll,"""I'm going to read the names of some prominent people. Please tell me whether you have a generally favorable or unfavorable opinion of each one. If you've never heard of someone, please just say so. Elizabeth Dole.""",FOX News/Opinion Dynamics Poll
"=""5/20-21/98""",63,14,16,7,914,,rv,favorability,http://www.pollingreport.com/d.htm,FOX News/Opinion Dynamics Poll,"""I'm going to read the names of some prominent people. Please tell me whether you have a generally favorable or unfavorable opinion of each one. If you've never heard of someone, please just say so. Elizabeth Dole.""",FOX News/Opinion Dynamics Poll






"d.htm | Question 32"
"Gallup/CNN/USA Today Poll"
"Next, I'd like to get your overall opinion of some people in the news. As I read each name, please say if you have a favorable or unfavorable opinion of this person -- or if you have never heard of him or her. Former Red Cross President Elizabeth Dole."
date,favorable,unfavorable,never heard of,no opinion,sample_size,margin_of_error,subpopulation,question_type,url,original,question,pollster
"=""8/16-18/99""",69,16,4,11,1028,,,favorability,http://www.pollingreport.com/d.htm,Gallup/CNN/USA Today Poll,"""Next, I'd like to get your overall opinion of some people in the news. As I read each name, please say if you have a favorable or unfavorable opinion of this person -- or if you have never heard of him or her. Former Red Cross President Elizabeth Dole.""",Gallup/CNN/USA Today Poll
"=""4/13-14/99""",74,13,4,9,,,,favorability,http://www.pollingreport.com/d.htm,Gallup/CNN/USA Today Poll,"""Next, I'd like to get your overall opinion of some people in the news. As I read each name, please say if you have a favorable or unfavorable opinion of this person -- or if you have never heard of him or her. Former Red Cross President Elizabeth Dole.""",Gallup/CNN/USA Today Poll
"=""2/19-21/99""",75,10,6,9,,,,favorability,http://www.pollingreport.com/d.htm,Gallup/CNN/USA Today Poll,"""Next, I'd like to get your overall opinion of some people in the news. As I read each name, please say if you have a favorable or unfavorable opinion of this person -- or if you have never heard of him or her. Former Red Cross President Elizabeth Dole.""",Gallup/CNN/USA Today Poll






"d.htm | Question 33"
"NBC News/Wall Street Journal Poll conducted by the polling organizations of Peter Hart (D) and Robert Teeter (R)"
"I'm going to read you the names of several public figures and I'd like you to rate your feelings toward each one as either very positive, somewhat positive, neutral, somewhat negative, or very negative. If you don't know the name, please just say so. Elizabeth Dole."
date,very positive,some- what positive,neutral,some- what negative,very negative,don't know name/ not sure,sample_size,margin_of_error,subpopulation,question_type,url,original,question,pollster
"=""9/9-12/99""",15,32,29,9,7,8,1010,,,thermometer,http://www.pollingreport.com/d.htm,NBC News/Wall Street Journal Poll conducted by the polling organizations of Peter Hart (D) and Robert Teeter (R),"""I'm going to read you the names of several public figures and I'd like you to rate your feelings toward each one as either very positive, somewhat positive, neutral, somewhat negative, or very negative. If you don't know the name, please just say so. Elizabeth Dole.""",NBC News/Wall Street Journal Poll conducted by the polling organizations of Peter Hart (D) and Robert Teeter (R)
"=""6/16-19/99""",17,31,29,9,6,8,1000,,,thermometer,http://www.pollingreport.com/d.htm,NBC News/Wall Street Journal Poll conducted by the polling organizations of Peter Hart (D) and Robert Teeter (R),"""I'm going to read you the names of several public figures and I'd like you to rate your feelings toward each one as either very positive, somewhat positive, neutral, somewhat negative, or very negative. If you don't know the name, please just say so. Elizabeth Dole.""",NBC News/Wall Street Journal Poll conducted by the polling organizations of Peter Hart (D) and Robert Teeter (R)
"=""4/17-19/99""",19,28,26,10,9,8,500,,,thermometer,http://www.pollingreport.com/d.htm,NBC News/Wall Street Journal Poll conducted by the polling organizations of Peter Hart (D) and Robert Teeter (R),"""I'm going to read you the names of several public figures and I'd like you to rate your feelings toward each one as either very positive, somewhat positive, neutral, somewhat negative, or very negative. If you don't know the name, please just say so. Elizabeth Dole.""",NBC News/Wall Street Journal Poll conducted by the polling organizations of Peter Hart (D) and Robert Teeter (R)
"=""3/4-7/99""",26,30,28,6,4,6,1000,,,thermometer,http://www.pollingreport.com/d.htm,NBC News/Wall Street Journal Poll conducted by the polling organizations of Peter Hart (D) and Robert Teeter (R),"""I'm going to read you the names of several public figures and I'd like you to rate your feelings toward each one as either very positive, somewhat positive, neutral, somewhat negative, or very negative. If you don't know the name, please just say so. Elizabeth Dole.""",NBC News/Wall Street Journal Poll conducted by the polling organizations of Peter Hart (D) and Robert Teeter (R)






"d.htm | Question 34"
"Pew Research Center for the People & the Press survey conducted by Princeton Survey Research Associates"
"Now I'd like your views on some people and things in the news. As I read from a list, please tell me which category best describes your overall opinion of who or what I name. Would you say your overall opinion of Elizabeth Dole is very favorable, mostly favorable, mostly unfavorable, or very unfavorable?"
date,very favorable,mostly favorable,mostly unfav- orable,very unfav- orable,never heard of,can't rate (vol.),sample_size,margin_of_error,subpopulation,question_type,url,original,question,pollster
"=""3/24-30/99""",18,40,17,7,5,13,1786,,,favorability,http://www.pollingreport.com/d.htm,Pew Research Center for the People & the Press survey conducted by Princeton Survey Research Associates,"""Now I'd like your views on some people and things in the news. As I read from a list, please tell me which category best describes your overall opinion of who or what I name. Would you say your overall opinion of Elizabeth Dole is very favorable, mostly favorable, mostly unfavorable, or very unfavorable?""",Pew Research Center for the People & the Press survey conducted by Princeton Survey Research Associates
"=""1/14-17/99""",21,45,13,7,3,11,1200,,,favorability,http://www.pollingreport.com/d.htm,Pew Research Center for the People & the Press survey conducted by Princeton Survey Research Associates,"""Now I'd like your views on some people and things in the news. As I read from a list, please tell me which category best describes your overall opinion of who or what I name. Would you say your overall opinion of Elizabeth Dole is very favorable, mostly favorable, mostly unfavorable, or very unfavorable?""",Pew Research Center for the People & the Press survey conducted by Princeton Survey Research Associates






