"e-f.htm | Question 0"
"CBS News/New York Times Poll. April 13-17, 2012. N=957 adults nationwide. Margin of error ± 3."
"Is your opinion of
date,favorable,not favorable,undecided,haven't heard enough,refused,sample_size,margin_of_error,subpopulation,question_type,url,original,question,pollster
"=""4/13-17/12 Adults""",3,41,15,35,6,957,3,a,favorability,http://www.pollingreport.com/e-f.htm,"CBS News/New York Times Poll. April 13-17, 2012. N=957 adults nationwide. Margin of error ± 3.","""Is your opinion of",CBS News/New York Times Poll
"=""10/12-16/07""",30,30,28,11,1,,,,favorability,http://www.pollingreport.com/e-f.htm,"CBS News/New York Times Poll. April 13-17, 2012. N=957 adults nationwide. Margin of error ± 3.","""Is your opinion of",CBS News/New York Times Poll
"=""9/4-9/07""",30,29,29,11,1,,,,favorability,http://www.pollingreport.com/e-f.htm,"CBS News/New York Times Poll. April 13-17, 2012. N=957 adults nationwide. Margin of error ± 3.","""Is your opinion of",CBS News/New York Times Poll
"=""8/8-12/07""",31,30,27,11,,,,,favorability,http://www.pollingreport.com/e-f.htm,"CBS News/New York Times Poll. April 13-17, 2012. N=957 adults nationwide. Margin of error ± 3.","""Is your opinion of",CBS News/New York Times Poll
"=""7/9-17/07""",34,29,26,11,,,,,favorability,http://www.pollingreport.com/e-f.htm,"CBS News/New York Times Poll. April 13-17, 2012. N=957 adults nationwide. Margin of error ± 3.","""Is your opinion of",CBS News/New York Times Poll
"=""6/26-28/07""",33,27,26,14,,,,,favorability,http://www.pollingreport.com/e-f.htm,"CBS News/New York Times Poll. April 13-17, 2012. N=957 adults nationwide. Margin of error ± 3.","""Is your opinion of",CBS News/New York Times Poll
"=""5/18-23/07""",30,28,27,14,,,,,favorability,http://www.pollingreport.com/e-f.htm,"CBS News/New York Times Poll. April 13-17, 2012. N=957 adults nationwide. Margin of error ± 3.","""Is your opinion of",CBS News/New York Times Poll
"=""4/9-12/07""",32,23,27,17,,,,,favorability,http://www.pollingreport.com/e-f.htm,"CBS News/New York Times Poll. April 13-17, 2012. N=957 adults nationwide. Margin of error ± 3.","""Is your opinion of",CBS News/New York Times Poll
"=""3/26-27/07 Adults""",24,25,28,22,,,,,favorability,http://www.pollingreport.com/e-f.htm,"CBS News/New York Times Poll. April 13-17, 2012. N=957 adults nationwide. Margin of error ± 3.","""Is your opinion of",CBS News/New York Times Poll
"=""3/7-11/07 Adults""",28,25,30,18,,,,,favorability,http://www.pollingreport.com/e-f.htm,"CBS News/New York Times Poll. April 13-17, 2012. N=957 adults nationwide. Margin of error ± 3.","""Is your opinion of",CBS News/New York Times Poll
"=""1/1-3/07 Adults""",34,21,26,18,,,,,favorability,http://www.pollingreport.com/e-f.htm,"CBS News/New York Times Poll. April 13-17, 2012. N=957 adults nationwide. Margin of error ± 3.","""Is your opinion of",CBS News/New York Times Poll
"=""10/14-17/04""",32,30,14,24,,,,,favorability,http://www.pollingreport.com/e-f.htm,"CBS News/New York Times Poll. April 13-17, 2012. N=957 adults nationwide. Margin of error ± 3.","""Is your opinion of",CBS News/New York Times Poll
"=""10/9-11/04""",34,25,14,27,,,,,favorability,http://www.pollingreport.com/e-f.htm,"CBS News/New York Times Poll. April 13-17, 2012. N=957 adults nationwide. Margin of error ± 3.","""Is your opinion of",CBS News/New York Times Poll
"=""10/1-3/04""",31,25,13,31,,,,,favorability,http://www.pollingreport.com/e-f.htm,"CBS News/New York Times Poll. April 13-17, 2012. N=957 adults nationwide. Margin of error ± 3.","""Is your opinion of",CBS News/New York Times Poll
"=""9/20-22/04""",33,23,12,32,,,,,favorability,http://www.pollingreport.com/e-f.htm,"CBS News/New York Times Poll. April 13-17, 2012. N=957 adults nationwide. Margin of error ± 3.","""Is your opinion of",CBS News/New York Times Poll
"=""9/12-16/04""",28,22,16,34,,,,,favorability,http://www.pollingreport.com/e-f.htm,"CBS News/New York Times Poll. April 13-17, 2012. N=957 adults nationwide. Margin of error ± 3.","""Is your opinion of",CBS News/New York Times Poll
"=""9/6-8/04""",34,20,14,31,,,,,favorability,http://www.pollingreport.com/e-f.htm,"CBS News/New York Times Poll. April 13-17, 2012. N=957 adults nationwide. Margin of error ± 3.","""Is your opinion of",CBS News/New York Times Poll
"=""8/15-18/04""",35,19,13,33,,,,,favorability,http://www.pollingreport.com/e-f.htm,"CBS News/New York Times Poll. April 13-17, 2012. N=957 adults nationwide. Margin of error ± 3.","""Is your opinion of",CBS News/New York Times Poll
"=""7/30 - 8/1/04""",35,18,13,34,,,,,favorability,http://www.pollingreport.com/e-f.htm,"CBS News/New York Times Poll. April 13-17, 2012. N=957 adults nationwide. Margin of error ± 3.","""Is your opinion of",CBS News/New York Times Poll
"=""7/11-15/04""",35,13,13,39,,,,,favorability,http://www.pollingreport.com/e-f.htm,"CBS News/New York Times Poll. April 13-17, 2012. N=957 adults nationwide. Margin of error ± 3.","""Is your opinion of",CBS News/New York Times Poll
"=""5/20-23/04""",26,11,24,38,,,,,favorability,http://www.pollingreport.com/e-f.htm,"CBS News/New York Times Poll. April 13-17, 2012. N=957 adults nationwide. Margin of error ± 3.","""Is your opinion of",CBS News/New York Times Poll
"=""2/24-27/04""",30,11,21,38,,,,,favorability,http://www.pollingreport.com/e-f.htm,"CBS News/New York Times Poll. April 13-17, 2012. N=957 adults nationwide. Margin of error ± 3.","""Is your opinion of",CBS News/New York Times Poll
"=""1/12-15/04""",10,11,21,57,,,,,favorability,http://www.pollingreport.com/e-f.htm,"CBS News/New York Times Poll. April 13-17, 2012. N=957 adults nationwide. Margin of error ± 3.","""Is your opinion of",CBS News/New York Times Poll
"=""12/03""",8,14,17,61,,,,,favorability,http://www.pollingreport.com/e-f.htm,"CBS News/New York Times Poll. April 13-17, 2012. N=957 adults nationwide. Margin of error ± 3.","""Is your opinion of",CBS News/New York Times Poll
"=""8/03""",6,10,15,69,,,,,favorability,http://www.pollingreport.com/e-f.htm,"CBS News/New York Times Poll. April 13-17, 2012. N=957 adults nationwide. Margin of error ± 3.","""Is your opinion of",CBS News/New York Times Poll






"e-f.htm | Question 1"
"CNN/Opinion Research Corporation Poll. Dec. 2-3, 2009. N=1,041 adults nationwide. Margin of error ± 3."
"We'd like to get your overall opinion of some people in the news. As I read each name, please say if you have a favorable or unfavorable opinion of these people -- or if you have never heard of them. Former North Carolina senator John Edwards." "Former North Carolina senator" omitted March 2007.
date,favorable,unfavorable,never heard of,no opinion,sample_size,margin_of_error,subpopulation,question_type,url,original,question,pollster
"=""12/2-3/09""",30,47,12,11,1041,3,a,favorability,http://www.pollingreport.com/e-f.htm,"CNN/Opinion Research Corporation Poll. Dec. 2-3, 2009. N=1,041 adults nationwide. Margin of error ± 3.","""We'd like to get your overall opinion of some people in the news. As I read each name, please say if you have a favorable or unfavorable opinion of these people -- or if you have never heard of them. Former North Carolina senator John Edwards."" ""Former North Carolina senator"" omitted March 2007.",CNN/Opinion Research Corporation Poll
"=""7/27-29/08""",59,25,5,11,,,,favorability,http://www.pollingreport.com/e-f.htm,"CNN/Opinion Research Corporation Poll. Dec. 2-3, 2009. N=1,041 adults nationwide. Margin of error ± 3.","""We'd like to get your overall opinion of some people in the news. As I read each name, please say if you have a favorable or unfavorable opinion of these people -- or if you have never heard of them. Former North Carolina senator John Edwards."" ""Former North Carolina senator"" omitted March 2007.",CNN/Opinion Research Corporation Poll
"=""9/7-9/07""",49,30,8,13,,,,favorability,http://www.pollingreport.com/e-f.htm,"CNN/Opinion Research Corporation Poll. Dec. 2-3, 2009. N=1,041 adults nationwide. Margin of error ± 3.","""We'd like to get your overall opinion of some people in the news. As I read each name, please say if you have a favorable or unfavorable opinion of these people -- or if you have never heard of them. Former North Carolina senator John Edwards."" ""Former North Carolina senator"" omitted March 2007.",CNN/Opinion Research Corporation Poll
"=""6/22-24/07""",47,32,8,12,,,,favorability,http://www.pollingreport.com/e-f.htm,"CNN/Opinion Research Corporation Poll. Dec. 2-3, 2009. N=1,041 adults nationwide. Margin of error ± 3.","""We'd like to get your overall opinion of some people in the news. As I read each name, please say if you have a favorable or unfavorable opinion of these people -- or if you have never heard of them. Former North Carolina senator John Edwards."" ""Former North Carolina senator"" omitted March 2007.",CNN/Opinion Research Corporation Poll
"=""3/9-11/07""",42,27,18,13,,,,favorability,http://www.pollingreport.com/e-f.htm,"CNN/Opinion Research Corporation Poll. Dec. 2-3, 2009. N=1,041 adults nationwide. Margin of error ± 3.","""We'd like to get your overall opinion of some people in the news. As I read each name, please say if you have a favorable or unfavorable opinion of these people -- or if you have never heard of them. Former North Carolina senator John Edwards."" ""Former North Carolina senator"" omitted March 2007.",CNN/Opinion Research Corporation Poll






"e-f.htm | Question 2"
"Gallup Poll. Oct. 1-4, 2009. N=1,013 adults nationwide. Margin of error ± 4."
"We'd like to get your overall opinion of some people in the news. As I read each name, please say if you have a favorable or unfavorable opinion of these people -- or if you have never heard of them. How about John Edwards?"
date,favorable,unfavorable,never heard of,unsure,sample_size,margin_of_error,subpopulation,question_type,url,original,question,pollster
"=""10/1-4/09""",21,59,9,11,1013,4,a,favorability,http://www.pollingreport.com/e-f.htm,"Gallup Poll. Oct. 1-4, 2009. N=1,013 adults nationwide. Margin of error ± 4.","""We'd like to get your overall opinion of some people in the news. As I read each name, please say if you have a favorable or unfavorable opinion of these people -- or if you have never heard of them. How about John Edwards?""",Gallup Poll
"=""1/10-13/08""",48,37,4,10,,,,favorability,http://www.pollingreport.com/e-f.htm,"Gallup Poll. Oct. 1-4, 2009. N=1,013 adults nationwide. Margin of error ± 4.","""We'd like to get your overall opinion of some people in the news. As I read each name, please say if you have a favorable or unfavorable opinion of these people -- or if you have never heard of them. How about John Edwards?""",Gallup Poll
"=""12/14-16/07""",53,33,6,8,,,,favorability,http://www.pollingreport.com/e-f.htm,"Gallup Poll. Oct. 1-4, 2009. N=1,013 adults nationwide. Margin of error ± 4.","""We'd like to get your overall opinion of some people in the news. As I read each name, please say if you have a favorable or unfavorable opinion of these people -- or if you have never heard of them. How about John Edwards?""",Gallup Poll
"=""11/30 - 12/2/07""",50,35,7,8,,,,favorability,http://www.pollingreport.com/e-f.htm,"Gallup Poll. Oct. 1-4, 2009. N=1,013 adults nationwide. Margin of error ± 4.","""We'd like to get your overall opinion of some people in the news. As I read each name, please say if you have a favorable or unfavorable opinion of these people -- or if you have never heard of them. How about John Edwards?""",Gallup Poll
"=""11/2-4/07""",50,31,8,11,,,,favorability,http://www.pollingreport.com/e-f.htm,"Gallup Poll. Oct. 1-4, 2009. N=1,013 adults nationwide. Margin of error ± 4.","""We'd like to get your overall opinion of some people in the news. As I read each name, please say if you have a favorable or unfavorable opinion of these people -- or if you have never heard of them. How about John Edwards?""",Gallup Poll
"=""10/12-14/07""",48,34,8,10,,,,favorability,http://www.pollingreport.com/e-f.htm,"Gallup Poll. Oct. 1-4, 2009. N=1,013 adults nationwide. Margin of error ± 4.","""We'd like to get your overall opinion of some people in the news. As I read each name, please say if you have a favorable or unfavorable opinion of these people -- or if you have never heard of them. How about John Edwards?""",Gallup Poll
"=""10/4-7/07""",48,31,11,10,,,,favorability,http://www.pollingreport.com/e-f.htm,"Gallup Poll. Oct. 1-4, 2009. N=1,013 adults nationwide. Margin of error ± 4.","""We'd like to get your overall opinion of some people in the news. As I read each name, please say if you have a favorable or unfavorable opinion of these people -- or if you have never heard of them. How about John Edwards?""",Gallup Poll
"=""9/14-16/07""",51,35,6,7,,,,favorability,http://www.pollingreport.com/e-f.htm,"Gallup Poll. Oct. 1-4, 2009. N=1,013 adults nationwide. Margin of error ± 4.","""We'd like to get your overall opinion of some people in the news. As I read each name, please say if you have a favorable or unfavorable opinion of these people -- or if you have never heard of them. How about John Edwards?""",Gallup Poll
"=""9/7-8/07""",47,32,8,14,,,,favorability,http://www.pollingreport.com/e-f.htm,"Gallup Poll. Oct. 1-4, 2009. N=1,013 adults nationwide. Margin of error ± 4.","""We'd like to get your overall opinion of some people in the news. As I read each name, please say if you have a favorable or unfavorable opinion of these people -- or if you have never heard of them. How about John Edwards?""",Gallup Poll
"=""8/13-16/07""",47,36,8,9,,,,favorability,http://www.pollingreport.com/e-f.htm,"Gallup Poll. Oct. 1-4, 2009. N=1,013 adults nationwide. Margin of error ± 4.","""We'd like to get your overall opinion of some people in the news. As I read each name, please say if you have a favorable or unfavorable opinion of these people -- or if you have never heard of them. How about John Edwards?""",Gallup Poll
"=""8/3-5/07""",47,35,9,10,,,,favorability,http://www.pollingreport.com/e-f.htm,"Gallup Poll. Oct. 1-4, 2009. N=1,013 adults nationwide. Margin of error ± 4.","""We'd like to get your overall opinion of some people in the news. As I read each name, please say if you have a favorable or unfavorable opinion of these people -- or if you have never heard of them. How about John Edwards?""",Gallup Poll
"=""7/12-15/07""",44,33,12,12,,,,favorability,http://www.pollingreport.com/e-f.htm,"Gallup Poll. Oct. 1-4, 2009. N=1,013 adults nationwide. Margin of error ± 4.","""We'd like to get your overall opinion of some people in the news. As I read each name, please say if you have a favorable or unfavorable opinion of these people -- or if you have never heard of them. How about John Edwards?""",Gallup Poll
"=""7/6-8/07""",50,32,8,9,,,,favorability,http://www.pollingreport.com/e-f.htm,"Gallup Poll. Oct. 1-4, 2009. N=1,013 adults nationwide. Margin of error ± 4.","""We'd like to get your overall opinion of some people in the news. As I read each name, please say if you have a favorable or unfavorable opinion of these people -- or if you have never heard of them. How about John Edwards?""",Gallup Poll
"=""6/1-3/07""",44,32,9,15,,,,favorability,http://www.pollingreport.com/e-f.htm,"Gallup Poll. Oct. 1-4, 2009. N=1,013 adults nationwide. Margin of error ± 4.","""We'd like to get your overall opinion of some people in the news. As I read each name, please say if you have a favorable or unfavorable opinion of these people -- or if you have never heard of them. How about John Edwards?""",Gallup Poll
"=""5/10-13/07""",56,24,11,9,,,,favorability,http://www.pollingreport.com/e-f.htm,"Gallup Poll. Oct. 1-4, 2009. N=1,013 adults nationwide. Margin of error ± 4.","""We'd like to get your overall opinion of some people in the news. As I read each name, please say if you have a favorable or unfavorable opinion of these people -- or if you have never heard of them. How about John Edwards?""",Gallup Poll
"=""5/4-6/07""",49,31,9,9,,,,favorability,http://www.pollingreport.com/e-f.htm,"Gallup Poll. Oct. 1-4, 2009. N=1,013 adults nationwide. Margin of error ± 4.","""We'd like to get your overall opinion of some people in the news. As I read each name, please say if you have a favorable or unfavorable opinion of these people -- or if you have never heard of them. How about John Edwards?""",Gallup Poll
"=""4/13-15/07""",52,31,6,11,,,,favorability,http://www.pollingreport.com/e-f.htm,"Gallup Poll. Oct. 1-4, 2009. N=1,013 adults nationwide. Margin of error ± 4.","""We'd like to get your overall opinion of some people in the news. As I read each name, please say if you have a favorable or unfavorable opinion of these people -- or if you have never heard of them. How about John Edwards?""",Gallup Poll
"=""4/2-5/07""",53,30,9,9,,,,favorability,http://www.pollingreport.com/e-f.htm,"Gallup Poll. Oct. 1-4, 2009. N=1,013 adults nationwide. Margin of error ± 4.","""We'd like to get your overall opinion of some people in the news. As I read each name, please say if you have a favorable or unfavorable opinion of these people -- or if you have never heard of them. How about John Edwards?""",Gallup Poll
"=""3/23-25/07""",55,25,8,11,,,,favorability,http://www.pollingreport.com/e-f.htm,"Gallup Poll. Oct. 1-4, 2009. N=1,013 adults nationwide. Margin of error ± 4.","""We'd like to get your overall opinion of some people in the news. As I read each name, please say if you have a favorable or unfavorable opinion of these people -- or if you have never heard of them. How about John Edwards?""",Gallup Poll
"=""3/2-4/07""",51,28,9,12,,,,favorability,http://www.pollingreport.com/e-f.htm,"Gallup Poll. Oct. 1-4, 2009. N=1,013 adults nationwide. Margin of error ± 4.","""We'd like to get your overall opinion of some people in the news. As I read each name, please say if you have a favorable or unfavorable opinion of these people -- or if you have never heard of them. How about John Edwards?""",Gallup Poll
"=""2/9-11/07""",49,31,12,8,,,,favorability,http://www.pollingreport.com/e-f.htm,"Gallup Poll. Oct. 1-4, 2009. N=1,013 adults nationwide. Margin of error ± 4.","""We'd like to get your overall opinion of some people in the news. As I read each name, please say if you have a favorable or unfavorable opinion of these people -- or if you have never heard of them. How about John Edwards?""",Gallup Poll
"=""12/8-10/06""",54,21,13,12,,,,favorability,http://www.pollingreport.com/e-f.htm,"Gallup Poll. Oct. 1-4, 2009. N=1,013 adults nationwide. Margin of error ± 4.","""We'd like to get your overall opinion of some people in the news. As I read each name, please say if you have a favorable or unfavorable opinion of these people -- or if you have never heard of them. How about John Edwards?""",Gallup Poll
"=""10/9-10/04""",48,37,6,9,,,,favorability,http://www.pollingreport.com/e-f.htm,"Gallup Poll. Oct. 1-4, 2009. N=1,013 adults nationwide. Margin of error ± 4.","""We'd like to get your overall opinion of some people in the news. As I read each name, please say if you have a favorable or unfavorable opinion of these people -- or if you have never heard of them. How about John Edwards?""",Gallup Poll
"=""9/3-5/04""",56,30,3,11,,,,favorability,http://www.pollingreport.com/e-f.htm,"Gallup Poll. Oct. 1-4, 2009. N=1,013 adults nationwide. Margin of error ± 4.","""We'd like to get your overall opinion of some people in the news. As I read each name, please say if you have a favorable or unfavorable opinion of these people -- or if you have never heard of them. How about John Edwards?""",Gallup Poll
"=""8/23-25/04""",52,28,4,16,,,,favorability,http://www.pollingreport.com/e-f.htm,"Gallup Poll. Oct. 1-4, 2009. N=1,013 adults nationwide. Margin of error ± 4.","""We'd like to get your overall opinion of some people in the news. As I read each name, please say if you have a favorable or unfavorable opinion of these people -- or if you have never heard of them. How about John Edwards?""",Gallup Poll
"=""7/30 - 8/1/04""",59,27,3,11,,,,favorability,http://www.pollingreport.com/e-f.htm,"Gallup Poll. Oct. 1-4, 2009. N=1,013 adults nationwide. Margin of error ± 4.","""We'd like to get your overall opinion of some people in the news. As I read each name, please say if you have a favorable or unfavorable opinion of these people -- or if you have never heard of them. How about John Edwards?""",Gallup Poll
"=""7/19-21/04""",52,26,5,17,,,,favorability,http://www.pollingreport.com/e-f.htm,"Gallup Poll. Oct. 1-4, 2009. N=1,013 adults nationwide. Margin of error ± 4.","""We'd like to get your overall opinion of some people in the news. As I read each name, please say if you have a favorable or unfavorable opinion of these people -- or if you have never heard of them. How about John Edwards?""",Gallup Poll
"=""7/8-11/04""",55,24,6,15,,,,favorability,http://www.pollingreport.com/e-f.htm,"Gallup Poll. Oct. 1-4, 2009. N=1,013 adults nationwide. Margin of error ± 4.","""We'd like to get your overall opinion of some people in the news. As I read each name, please say if you have a favorable or unfavorable opinion of these people -- or if you have never heard of them. How about John Edwards?""",Gallup Poll
"=""7/6/04""",54,16,12,18,,,rv,favorability,http://www.pollingreport.com/e-f.htm,"Gallup Poll. Oct. 1-4, 2009. N=1,013 adults nationwide. Margin of error ± 4.","""We'd like to get your overall opinion of some people in the news. As I read each name, please say if you have a favorable or unfavorable opinion of these people -- or if you have never heard of them. How about John Edwards?""",Gallup Poll
"=""1/29 - 2/1/04""",54,21,10,15,,,,favorability,http://www.pollingreport.com/e-f.htm,"Gallup Poll. Oct. 1-4, 2009. N=1,013 adults nationwide. Margin of error ± 4.","""We'd like to get your overall opinion of some people in the news. As I read each name, please say if you have a favorable or unfavorable opinion of these people -- or if you have never heard of them. How about John Edwards?""",Gallup Poll
"=""1/2-5/04""",24,24,27,25,,,,favorability,http://www.pollingreport.com/e-f.htm,"Gallup Poll. Oct. 1-4, 2009. N=1,013 adults nationwide. Margin of error ± 4.","""We'd like to get your overall opinion of some people in the news. As I read each name, please say if you have a favorable or unfavorable opinion of these people -- or if you have never heard of them. How about John Edwards?""",Gallup Poll
"=""11/03""",22,18,37,23,,,,favorability,http://www.pollingreport.com/e-f.htm,"Gallup Poll. Oct. 1-4, 2009. N=1,013 adults nationwide. Margin of error ± 4.","""We'd like to get your overall opinion of some people in the news. As I read each name, please say if you have a favorable or unfavorable opinion of these people -- or if you have never heard of them. How about John Edwards?""",Gallup Poll






"e-f.htm | Question 3"
"ABC News/Washington Post Poll. Jan. 9-12, 2008. N=1,130 adults nationwide. Margin of error ± 3."
"
date,favorable,unfavorable,no opinion,sample_size,margin_of_error,subpopulation,question_type,url,original,question,pollster
"=""1/9-12/08""",57,34,9,1130,3,a,favorability,http://www.pollingreport.com/e-f.htm,"ABC News/Washington Post Poll. Jan. 9-12, 2008. N=1,130 adults nationwide. Margin of error ± 3.","""",ABC News/Washington Post Poll
"=""10/29 - 11/1/07""",49,35,16,,,,favorability,http://www.pollingreport.com/e-f.htm,"ABC News/Washington Post Poll. Jan. 9-12, 2008. N=1,130 adults nationwide. Margin of error ± 3.","""",ABC News/Washington Post Poll
"=""2/22-25/07""",46,39,14,,,,favorability,http://www.pollingreport.com/e-f.htm,"ABC News/Washington Post Poll. Jan. 9-12, 2008. N=1,130 adults nationwide. Margin of error ± 3.","""",ABC News/Washington Post Poll
"=""12/7-11/06""",49,26,25,,,,favorability,http://www.pollingreport.com/e-f.htm,"ABC News/Washington Post Poll. Jan. 9-12, 2008. N=1,130 adults nationwide. Margin of error ± 3.","""",ABC News/Washington Post Poll






"e-f.htm | Question 4"
"NBC News/Wall Street Journal Poll conducted by the polling organizations of Peter Hart (D) and Bill McInturff (R). Dec. 14-17, 2007. N=approx. 500 adults nationwide. Margin of error ± 4.4.  "
"Now I'm going to read you the names of several public figures and organizations, and I'd like you to rate your feelings toward each one as either very positive, somewhat positive, neutral, somewhat negative, or very negative. If you don't know the name, please just say so. John Edwards."
date,very positive,somewhat positive,neutral,somewhat negative,very negative,don't know name/ not sure,sample_size,margin_of_error,subpopulation,question_type,url,original,question,pollster
"=""12/14-17/07""",11,27,23,14,17,8,,4,a,thermometer,http://www.pollingreport.com/e-f.htm,"NBC News/Wall Street Journal Poll conducted by the polling organizations of Peter Hart (D) and Bill McInturff (R). Dec. 14-17, 2007. N=approx. 500 adults nationwide. Margin of error ± 4.4.  ","""Now I'm going to read you the names of several public figures and organizations, and I'd like you to rate your feelings toward each one as either very positive, somewhat positive, neutral, somewhat negative, or very negative. If you don't know the name, please just say so. John Edwards.""",NBC News/Wall Street Journal Poll conducted by the polling organizations of Peter Hart (D) and Bill McInturff (R)
"=""11/1-5/07""",9,28,25,16,15,7,,,,thermometer,http://www.pollingreport.com/e-f.htm,"NBC News/Wall Street Journal Poll conducted by the polling organizations of Peter Hart (D) and Bill McInturff (R). Dec. 14-17, 2007. N=approx. 500 adults nationwide. Margin of error ± 4.4.  ","""Now I'm going to read you the names of several public figures and organizations, and I'd like you to rate your feelings toward each one as either very positive, somewhat positive, neutral, somewhat negative, or very negative. If you don't know the name, please just say so. John Edwards.""",NBC News/Wall Street Journal Poll conducted by the polling organizations of Peter Hart (D) and Bill McInturff (R)
"=""9/7-10/07""",12,29,22,14,13,10,,,,thermometer,http://www.pollingreport.com/e-f.htm,"NBC News/Wall Street Journal Poll conducted by the polling organizations of Peter Hart (D) and Bill McInturff (R). Dec. 14-17, 2007. N=approx. 500 adults nationwide. Margin of error ± 4.4.  ","""Now I'm going to read you the names of several public figures and organizations, and I'd like you to rate your feelings toward each one as either very positive, somewhat positive, neutral, somewhat negative, or very negative. If you don't know the name, please just say so. John Edwards.""",NBC News/Wall Street Journal Poll conducted by the polling organizations of Peter Hart (D) and Bill McInturff (R)
"=""7/27-30/07""",12,25,26,14,13,10,,,,thermometer,http://www.pollingreport.com/e-f.htm,"NBC News/Wall Street Journal Poll conducted by the polling organizations of Peter Hart (D) and Bill McInturff (R). Dec. 14-17, 2007. N=approx. 500 adults nationwide. Margin of error ± 4.4.  ","""Now I'm going to read you the names of several public figures and organizations, and I'd like you to rate your feelings toward each one as either very positive, somewhat positive, neutral, somewhat negative, or very negative. If you don't know the name, please just say so. John Edwards.""",NBC News/Wall Street Journal Poll conducted by the polling organizations of Peter Hart (D) and Bill McInturff (R)
"=""6/8-11/07""",12,24,29,12,14,9,,,,thermometer,http://www.pollingreport.com/e-f.htm,"NBC News/Wall Street Journal Poll conducted by the polling organizations of Peter Hart (D) and Bill McInturff (R). Dec. 14-17, 2007. N=approx. 500 adults nationwide. Margin of error ± 4.4.  ","""Now I'm going to read you the names of several public figures and organizations, and I'd like you to rate your feelings toward each one as either very positive, somewhat positive, neutral, somewhat negative, or very negative. If you don't know the name, please just say so. John Edwards.""",NBC News/Wall Street Journal Poll conducted by the polling organizations of Peter Hart (D) and Bill McInturff (R)
"=""3/2-5/07""",8,25,32,12,11,12,,,,thermometer,http://www.pollingreport.com/e-f.htm,"NBC News/Wall Street Journal Poll conducted by the polling organizations of Peter Hart (D) and Bill McInturff (R). Dec. 14-17, 2007. N=approx. 500 adults nationwide. Margin of error ± 4.4.  ","""Now I'm going to read you the names of several public figures and organizations, and I'd like you to rate your feelings toward each one as either very positive, somewhat positive, neutral, somewhat negative, or very negative. If you don't know the name, please just say so. John Edwards.""",NBC News/Wall Street Journal Poll conducted by the polling organizations of Peter Hart (D) and Bill McInturff (R)
"=""12/8-11/06""",11,23,26,13,8,19,,,,thermometer,http://www.pollingreport.com/e-f.htm,"NBC News/Wall Street Journal Poll conducted by the polling organizations of Peter Hart (D) and Bill McInturff (R). Dec. 14-17, 2007. N=approx. 500 adults nationwide. Margin of error ± 4.4.  ","""Now I'm going to read you the names of several public figures and organizations, and I'd like you to rate your feelings toward each one as either very positive, somewhat positive, neutral, somewhat negative, or very negative. If you don't know the name, please just say so. John Edwards.""",NBC News/Wall Street Journal Poll conducted by the polling organizations of Peter Hart (D) and Bill McInturff (R)
"=""12/9-13/04""",16,24,24,16,13,7,,,,thermometer,http://www.pollingreport.com/e-f.htm,"NBC News/Wall Street Journal Poll conducted by the polling organizations of Peter Hart (D) and Bill McInturff (R). Dec. 14-17, 2007. N=approx. 500 adults nationwide. Margin of error ± 4.4.  ","""Now I'm going to read you the names of several public figures and organizations, and I'd like you to rate your feelings toward each one as either very positive, somewhat positive, neutral, somewhat negative, or very negative. If you don't know the name, please just say so. John Edwards.""",NBC News/Wall Street Journal Poll conducted by the polling organizations of Peter Hart (D) and Bill McInturff (R)
"=""3/04""",12,24,27,14,6,17,,,,thermometer,http://www.pollingreport.com/e-f.htm,"NBC News/Wall Street Journal Poll conducted by the polling organizations of Peter Hart (D) and Bill McInturff (R). Dec. 14-17, 2007. N=approx. 500 adults nationwide. Margin of error ± 4.4.  ","""Now I'm going to read you the names of several public figures and organizations, and I'd like you to rate your feelings toward each one as either very positive, somewhat positive, neutral, somewhat negative, or very negative. If you don't know the name, please just say so. John Edwards.""",NBC News/Wall Street Journal Poll conducted by the polling organizations of Peter Hart (D) and Bill McInturff (R)
"=""1/04""",4,12,24,8,6,45,,,,thermometer,http://www.pollingreport.com/e-f.htm,"NBC News/Wall Street Journal Poll conducted by the polling organizations of Peter Hart (D) and Bill McInturff (R). Dec. 14-17, 2007. N=approx. 500 adults nationwide. Margin of error ± 4.4.  ","""Now I'm going to read you the names of several public figures and organizations, and I'd like you to rate your feelings toward each one as either very positive, somewhat positive, neutral, somewhat negative, or very negative. If you don't know the name, please just say so. John Edwards.""",NBC News/Wall Street Journal Poll conducted by the polling organizations of Peter Hart (D) and Bill McInturff (R)
"=""12/03""",3,14,21,8,5,49,,,,thermometer,http://www.pollingreport.com/e-f.htm,"NBC News/Wall Street Journal Poll conducted by the polling organizations of Peter Hart (D) and Bill McInturff (R). Dec. 14-17, 2007. N=approx. 500 adults nationwide. Margin of error ± 4.4.  ","""Now I'm going to read you the names of several public figures and organizations, and I'd like you to rate your feelings toward each one as either very positive, somewhat positive, neutral, somewhat negative, or very negative. If you don't know the name, please just say so. John Edwards.""",NBC News/Wall Street Journal Poll conducted by the polling organizations of Peter Hart (D) and Bill McInturff (R)






"e-f.htm | Question 5"
"Pew Research Center for the People & the Press survey conducted by Schulman, Ronca & Bucuvalas. Aug. 1-18, 2007. N=3,002 adults nationwide. Margin of error ± 2.  "
"Now I'd like your views on some people. Would you say your overall opinion of John Edwards is very favorable, mostly favorable, mostly unfavorable, or very unfavorable?"
date,very favorable,mostly favorable,mostly unfavorable,very unfavorable,never heard of (vol.),can't rate (vol.),sample_size,margin_of_error,subpopulation,question_type,url,original,question,pollster
"=""8/1-18/07""",10,37,19,10,11,13,3002,2,a,favorability,http://www.pollingreport.com/e-f.htm,"Pew Research Center for the People & the Press survey conducted by Schulman, Ronca & Bucuvalas. Aug. 1-18, 2007. N=3,002 adults nationwide. Margin of error ± 2.  ","""Now I'd like your views on some people. Would you say your overall opinion of John Edwards is very favorable, mostly favorable, mostly unfavorable, or very unfavorable?""","Pew Research Center for the People & the Press survey conducted by Schulman, Ronca & Bucuvalas"
"=""4/7-16/06""",10,37,18,9,11,15,,,,favorability,http://www.pollingreport.com/e-f.htm,"Pew Research Center for the People & the Press survey conducted by Schulman, Ronca & Bucuvalas. Aug. 1-18, 2007. N=3,002 adults nationwide. Margin of error ± 2.  ","""Now I'd like your views on some people. Would you say your overall opinion of John Edwards is very favorable, mostly favorable, mostly unfavorable, or very unfavorable?""","Pew Research Center for the People & the Press survey conducted by Schulman, Ronca & Bucuvalas"
"=""10/12-24/05""",12,38,17,6,10,17,,,,favorability,http://www.pollingreport.com/e-f.htm,"Pew Research Center for the People & the Press survey conducted by Schulman, Ronca & Bucuvalas. Aug. 1-18, 2007. N=3,002 adults nationwide. Margin of error ± 2.  ","""Now I'd like your views on some people. Would you say your overall opinion of John Edwards is very favorable, mostly favorable, mostly unfavorable, or very unfavorable?""","Pew Research Center for the People & the Press survey conducted by Schulman, Ronca & Bucuvalas"
"=""9/11-14/04""",16,33,18,13,3,17,,,,favorability,http://www.pollingreport.com/e-f.htm,"Pew Research Center for the People & the Press survey conducted by Schulman, Ronca & Bucuvalas. Aug. 1-18, 2007. N=3,002 adults nationwide. Margin of error ± 2.  ","""Now I'd like your views on some people. Would you say your overall opinion of John Edwards is very favorable, mostly favorable, mostly unfavorable, or very unfavorable?""","Pew Research Center for the People & the Press survey conducted by Schulman, Ronca & Bucuvalas"
"=""8/5-10/04""",22,36,18,6,4,14,,,,favorability,http://www.pollingreport.com/e-f.htm,"Pew Research Center for the People & the Press survey conducted by Schulman, Ronca & Bucuvalas. Aug. 1-18, 2007. N=3,002 adults nationwide. Margin of error ± 2.  ","""Now I'd like your views on some people. Would you say your overall opinion of John Edwards is very favorable, mostly favorable, mostly unfavorable, or very unfavorable?""","Pew Research Center for the People & the Press survey conducted by Schulman, Ronca & Bucuvalas"
"=""2/04""",9,33,17,7,8,26,,,,favorability,http://www.pollingreport.com/e-f.htm,"Pew Research Center for the People & the Press survey conducted by Schulman, Ronca & Bucuvalas. Aug. 1-18, 2007. N=3,002 adults nationwide. Margin of error ± 2.  ","""Now I'd like your views on some people. Would you say your overall opinion of John Edwards is very favorable, mostly favorable, mostly unfavorable, or very unfavorable?""","Pew Research Center for the People & the Press survey conducted by Schulman, Ronca & Bucuvalas"
"=""1/03""",4,18,10,4,43,21,,,,favorability,http://www.pollingreport.com/e-f.htm,"Pew Research Center for the People & the Press survey conducted by Schulman, Ronca & Bucuvalas. Aug. 1-18, 2007. N=3,002 adults nationwide. Margin of error ± 2.  ","""Now I'd like your views on some people. Would you say your overall opinion of John Edwards is very favorable, mostly favorable, mostly unfavorable, or very unfavorable?""","Pew Research Center for the People & the Press survey conducted by Schulman, Ronca & Bucuvalas"






"e-f.htm | Question 6"
"Diageo/Hotline Poll conducted by Financial Dynamics. March 29-April 1, 2007. N=approx. 400 registered voters nationwide."
"Please tell me if you have a favorable or unfavorable opinion of the following public figures. If you haven't heard of them, just tell me and we'll move on. John Edwards."
date,favorable,unfavorable,heard of/can't rate (vol.),haven't heard of,unsure,sample_size,margin_of_error,subpopulation,question_type,url,original,question,pollster
"=""3/29 - 4/1/07""",54,23,9,9,6,,,rv,favorability,http://www.pollingreport.com/e-f.htm,"Diageo/Hotline Poll conducted by Financial Dynamics. March 29-April 1, 2007. N=approx. 400 registered voters nationwide.","""Please tell me if you have a favorable or unfavorable opinion of the following public figures. If you haven't heard of them, just tell me and we'll move on. John Edwards.""",Diageo/Hotline Poll conducted by Financial Dynamics
"=""2/21-24/07""",39,27,17,14,4,,,,favorability,http://www.pollingreport.com/e-f.htm,"Diageo/Hotline Poll conducted by Financial Dynamics. March 29-April 1, 2007. N=approx. 400 registered voters nationwide.","""Please tell me if you have a favorable or unfavorable opinion of the following public figures. If you haven't heard of them, just tell me and we'll move on. John Edwards.""",Diageo/Hotline Poll conducted by Financial Dynamics
"=""11/8-12/06""",36,25,15,18,5,,,,favorability,http://www.pollingreport.com/e-f.htm,"Diageo/Hotline Poll conducted by Financial Dynamics. March 29-April 1, 2007. N=approx. 400 registered voters nationwide.","""Please tell me if you have a favorable or unfavorable opinion of the following public figures. If you haven't heard of them, just tell me and we'll move on. John Edwards.""",Diageo/Hotline Poll conducted by Financial Dynamics






"e-f.htm | Question 7"
"CBS News Poll . March 26-27, 2007. N=831 adults nationwide. Margin of error ± 4."
"
date,right thing,withdrawn/ suspended,unsure,sample_size,margin_of_error,subpopulation,question_type,url,original,question,pollster
"=""3/26-27/07""",57,24,19,831,4,a,unknown,http://www.pollingreport.com/e-f.htm,"CBS News Poll . March 26-27, 2007. N=831 adults nationwide. Margin of error ± 4.","""",CBS News Poll 






"e-f.htm | Question 8"
"USA Today/Gallup Poll. March 23-25, 2007. Adults nationwide ."
"As you may know, Elizabeth Edwards, wife of presidential candidate John Edwards, has had a recurrence of cancer. In your view, do you think John Edwards should stay in the race for president or drop out of the race for president?" N=526, MoE ± 5 (Form A)
manually enter poll





"e-f.htm | Question 9"
"Quinnipiac University . Nov. 13-19, 2006. N=1,623 registered voters nationwide. Margin of error ± 2.4."
"I'd like to get your feelings toward some of our political leaders and other people who have been in the news. I'll read the name of a person and I'd like you to rate that person using something called the feeling thermometer. You can choose any number between 0 and 100. The higher the number, the warmer or more favorable you feel toward that person, the lower the number, the colder or less favorable. If we come to a person who you haven't heard enough about to form an opinion, you don't need to rate the person. Just tell me and we'll move on to the next one. How do you feel about
manually enter poll





"e-f.htm | Question 10"
"ABC News/Washington Post Poll. Oct. 1-3, 2004. N=1,169 likely voters nationwide. Margin of error ± 3."
"Regardless of how you might vote, please tell me if you have a favorable or unfavorable impression of
date,favorable,unfavorable,unsure,sample_size,margin_of_error,subpopulation,question_type,url,original,question,pollster
"=""10/1-3/04""",45,30,25,1169,3,lv,favorability,http://www.pollingreport.com/e-f.htm,"ABC News/Washington Post Poll. Oct. 1-3, 2004. N=1,169 likely voters nationwide. Margin of error ± 3.","""Regardless of how you might vote, please tell me if you have a favorable or unfavorable impression of",ABC News/Washington Post Poll
"=""9/6-8/04""",39,26,35,,,rv,favorability,http://www.pollingreport.com/e-f.htm,"ABC News/Washington Post Poll. Oct. 1-3, 2004. N=1,169 likely voters nationwide. Margin of error ± 3.","""Regardless of how you might vote, please tell me if you have a favorable or unfavorable impression of",ABC News/Washington Post Poll
"=""7/30 - 8/1/04""",49,18,33,,,rv,favorability,http://www.pollingreport.com/e-f.htm,"ABC News/Washington Post Poll. Oct. 1-3, 2004. N=1,169 likely voters nationwide. Margin of error ± 3.","""Regardless of how you might vote, please tell me if you have a favorable or unfavorable impression of",ABC News/Washington Post Poll
"=""7/22-25/04""",50,24,26,,,rv,favorability,http://www.pollingreport.com/e-f.htm,"ABC News/Washington Post Poll. Oct. 1-3, 2004. N=1,169 likely voters nationwide. Margin of error ± 3.","""Regardless of how you might vote, please tell me if you have a favorable or unfavorable impression of",ABC News/Washington Post Poll






"e-f.htm | Question 11"
"Time Poll conducted by Schulman, Ronca & Bucuvalas (SRBI) Public Affairs. July 13-17, 2006. N=1,003 adults nationwide. Margin of error ± 3."
"Looking ahead to the 2008 presidential election, how favorable an impression do you have of each of the following possible candidates: very favorable, somewhat favorable, somewhat unfavorable, very unfavorable? . . . Former North Carolina Democratic senator John Edwards."
date,very favorable,somewhat favorable,somewhat unfavorable,very unfavorable,unsure,sample_size,margin_of_error,subpopulation,question_type,url,original,question,pollster
"=""7/13-17/06""",12,34,16,14,23,1003,3,a,favorability,http://www.pollingreport.com/e-f.htm,"Time Poll conducted by Schulman, Ronca & Bucuvalas (SRBI) Public Affairs. July 13-17, 2006. N=1,003 adults nationwide. Margin of error ± 3.","""Looking ahead to the 2008 presidential election, how favorable an impression do you have of each of the following possible candidates: very favorable, somewhat favorable, somewhat unfavorable, very unfavorable? . . . Former North Carolina Democratic senator John Edwards.""","Time Poll conducted by Schulman, Ronca & Bucuvalas (SRBI) Public Affairs"
"=""3/22-23/06""",14,37,19,16,14,,,,favorability,http://www.pollingreport.com/e-f.htm,"Time Poll conducted by Schulman, Ronca & Bucuvalas (SRBI) Public Affairs. July 13-17, 2006. N=1,003 adults nationwide. Margin of error ± 3.","""Looking ahead to the 2008 presidential election, how favorable an impression do you have of each of the following possible candidates: very favorable, somewhat favorable, somewhat unfavorable, very unfavorable? . . . Former North Carolina Democratic senator John Edwards.""","Time Poll conducted by Schulman, Ronca & Bucuvalas (SRBI) Public Affairs"






"e-f.htm | Question 12"
"Newsweek Poll conducted by Princeton Survey Research Associates International. Oct. 14-15, 2004. N=1,004 registered voters nationwide. Margin of error ± 4."
"Next, please tell me if you have a favorable or unfavorable opinion of the following people in politics. If I mention someone you had never heard of before this interview, just tell me.
manually enter poll





"e-f.htm | Question 13"
"Time Poll conducted by Schulman, Ronca & Bucuvalas (SRBI) Public Affairs. Oct. 6-7, 2004. N=1,024 registered voters nationwide. Margin of error ± 3."
"Please tell me if you have a favorable or unfavorable opinion of John Edwards. If you don't have an opinion of this candidate, just let me know."
date,favorable,unfavorable,unsure,sample_size,margin_of_error,subpopulation,question_type,url,original,question,pollster
"=""10/6-7/04""",49,26,26,1024,3,rv,favorability,http://www.pollingreport.com/e-f.htm,"Time Poll conducted by Schulman, Ronca & Bucuvalas (SRBI) Public Affairs. Oct. 6-7, 2004. N=1,024 registered voters nationwide. Margin of error ± 3.","""Please tell me if you have a favorable or unfavorable opinion of John Edwards. If you don't have an opinion of this candidate, just let me know.""","Time Poll conducted by Schulman, Ronca & Bucuvalas (SRBI) Public Affairs"
"=""9/7-9/04""",44,30,25,,,,favorability,http://www.pollingreport.com/e-f.htm,"Time Poll conducted by Schulman, Ronca & Bucuvalas (SRBI) Public Affairs. Oct. 6-7, 2004. N=1,024 registered voters nationwide. Margin of error ± 3.","""Please tell me if you have a favorable or unfavorable opinion of John Edwards. If you don't have an opinion of this candidate, just let me know.""","Time Poll conducted by Schulman, Ronca & Bucuvalas (SRBI) Public Affairs"
"=""8/31 - 9/2/04""",42,24,35,,,,favorability,http://www.pollingreport.com/e-f.htm,"Time Poll conducted by Schulman, Ronca & Bucuvalas (SRBI) Public Affairs. Oct. 6-7, 2004. N=1,024 registered voters nationwide. Margin of error ± 3.","""Please tell me if you have a favorable or unfavorable opinion of John Edwards. If you don't have an opinion of this candidate, just let me know.""","Time Poll conducted by Schulman, Ronca & Bucuvalas (SRBI) Public Affairs"
"=""8/3-5/04""",48,20,32,,,,favorability,http://www.pollingreport.com/e-f.htm,"Time Poll conducted by Schulman, Ronca & Bucuvalas (SRBI) Public Affairs. Oct. 6-7, 2004. N=1,024 registered voters nationwide. Margin of error ± 3.","""Please tell me if you have a favorable or unfavorable opinion of John Edwards. If you don't have an opinion of this candidate, just let me know.""","Time Poll conducted by Schulman, Ronca & Bucuvalas (SRBI) Public Affairs"
"=""7/20-22/04""",46,16,39,,,,favorability,http://www.pollingreport.com/e-f.htm,"Time Poll conducted by Schulman, Ronca & Bucuvalas (SRBI) Public Affairs. Oct. 6-7, 2004. N=1,024 registered voters nationwide. Margin of error ± 3.","""Please tell me if you have a favorable or unfavorable opinion of John Edwards. If you don't have an opinion of this candidate, just let me know.""","Time Poll conducted by Schulman, Ronca & Bucuvalas (SRBI) Public Affairs"






"e-f.htm | Question 14"
"University of Pennsylvania National Annenberg Election Survey. Sept. 3-12, 2004. N=2,385 registered voters nationwide. Margin of error ± 2. Interviewing conducted by Schulman, Ronca, Bucuvalas, Inc.   "
"Please tell me if your opinion is favorable or unfavorable, using a scale from 0 to 10. Zero means very unfavorable, and 10 means very favorable. Five means you do not feel favorable or unfavorable toward that person. Of course you can use any number between 0 and 10. The person is
manually enter poll





"e-f.htm | Question 15"
"FOX News/Opinion Dynamics Poll. Sept. 7-8, 2004. N=1,000 likely voters nationwide. Margin of error ± 3.   "
"I'm going to read the names of some people. Please tell me whether you have a generally favorable or unfavorable opinion of each. If you've never heard of one, please just say so. John Edwards."
manually enter poll





"e-f.htm | Question 16"
"Los Angeles Times Poll. Aug. 21-24, 2004. N=1,352 registered voters nationwide. Margin of error ± 3."
"What is your impression of John Edwards? As of today, is it very favorable, somewhat favorable, somewhat unfavorable, very unfavorable or haven't you heard enough about him to say?"
date,favorable,unfavorable,haven't heard enough,don't know,sample_size,margin_of_error,subpopulation,question_type,url,original,question,pollster
"=""8/21-24/04""",51,25,20,4,1352,3,rv,favorability,http://www.pollingreport.com/e-f.htm,"Los Angeles Times Poll. Aug. 21-24, 2004. N=1,352 registered voters nationwide. Margin of error ± 3.","""What is your impression of John Edwards? As of today, is it very favorable, somewhat favorable, somewhat unfavorable, very unfavorable or haven't you heard enough about him to say?""",Los Angeles Times Poll






"e-f.htm | Question 17"
"Newsweek Poll conducted by Princeton Survey Research Associates International. July 8-9, 2004. N=1,001 registered voters nationwide. Margin of error ± 4."
"Do you think John Edwards is qualified to step in as president if he had to?"
date,yes,no,unsure,sample_size,margin_of_error,subpopulation,question_type,url,original,question,pollster
"=""7/8-9/04""",51,30,19,1001,4,rv,unknown,http://www.pollingreport.com/e-f.htm,"Newsweek Poll conducted by Princeton Survey Research Associates International. July 8-9, 2004. N=1,001 registered voters nationwide. Margin of error ± 4.","""Do you think John Edwards is qualified to step in as president if he had to?""",Newsweek Poll conducted by Princeton Survey Research Associates International






"e-f.htm | Question 18"
"CNN/USA Today/Gallup Poll. July 6, 2004. N=553 registered voters nationwide. Margin of error ± 5."
"As you may know, Democratic presidential candidate John Kerry has selected North Carolina Senator John Edwards as his vice-presidential running mate. How would you rate John Kerry's choice of John Edwards for vice president? Would you rate this choice as excellent, pretty good, only fair, or poor?"
manually enter poll





"e-f.htm | Question 19"
"CNN/USA Today/Gallup Poll. June 21-23, 2004. N=1,005 adults nationwide. Margin of error ± 3."
"Next, we'd like to read you a brief description of some of the people John Kerry is considering as his vice-presidential running mate. After each, we'd like to find out what your reaction would be if Kerry chose that person as his running mate.
"e-f.htm | Question 20"
"Time/CNN Poll conducted by Harris Interactive. Feb. 19-20, 2003. N=629 Democrats and independents who lean Democratic nationwide. "
"Next, I'm going to read you the names of some people in the news today. Please tell me whether you have generally favorable or generally unfavorable impressions of each, or whether you are not familiar enough to say one way or another. North Carolina Senator John Edwards."
date,favorable,unfavorable,not familiar,not sure,sample_size,margin_of_error,subpopulation,question_type,url,original,question,pollster
"=""2/03""",21,8,68,3,629,,,favorability,http://www.pollingreport.com/e-f.htm,"Time/CNN Poll conducted by Harris Interactive. Feb. 19-20, 2003. N=629 Democrats and independents who lean Democratic nationwide. ","""Next, I'm going to read you the names of some people in the news today. Please tell me whether you have generally favorable or generally unfavorable impressions of each, or whether you are not familiar enough to say one way or another. North Carolina Senator John Edwards.""",Time/CNN Poll conducted by Harris Interactive
"=""11/02""",19,8,72,1,,,,favorability,http://www.pollingreport.com/e-f.htm,"Time/CNN Poll conducted by Harris Interactive. Feb. 19-20, 2003. N=629 Democrats and independents who lean Democratic nationwide. ","""Next, I'm going to read you the names of some people in the news today. Please tell me whether you have generally favorable or generally unfavorable impressions of each, or whether you are not familiar enough to say one way or another. North Carolina Senator John Edwards.""",Time/CNN Poll conducted by Harris Interactive






"e-f.htm | Question 21"
"Zogby America Poll. Jan. 24-26, 2003. N=1,017 likely voters nationwide. Margin of error ± 3.1.  "
"Please tell me if your overall opinion of each of the following people is very favorable, somewhat favorable, somewhat unfavorable, very unfavorable, or you are not familiar enough to form an opinion. John Edwards."
date,very favorable,somewhat favorable,somewhat unfavorable,very unfavorable,not familiar enough,not sure,sample_size,margin_of_error,subpopulation,question_type,url,original,question,pollster
"=""1/24-26/03""",8,17,7,8,58,2,1017,3,lv,favorability,http://www.pollingreport.com/e-f.htm,"Zogby America Poll. Jan. 24-26, 2003. N=1,017 likely voters nationwide. Margin of error ± 3.1.  ","""Please tell me if your overall opinion of each of the following people is very favorable, somewhat favorable, somewhat unfavorable, very unfavorable, or you are not familiar enough to form an opinion. John Edwards.""",Zogby America Poll






"e-f.htm | Question 22"
"Pew Research Center for the People & the Press survey conducted by Princeton Survey Research Associates International. April 7-16, 2006. N=737 adults nationwide. Margin of error ± 4.  "
"Now I'd like your views on some people. Would you say your overall opinion of Russell Feingold is very favorable, mostly favorable, mostly unfavorable, or very unfavorable?"
date,very favorable,mostly favorable,mostly unfavorable,very unfavorable,never heard of (vol.),can't rate (vol.),sample_size,margin_of_error,subpopulation,question_type,url,original,question,pollster
"=""4/7-16/06""",4,15,12,7,43,19,737,4,a,favorability,http://www.pollingreport.com/e-f.htm,"Pew Research Center for the People & the Press survey conducted by Princeton Survey Research Associates International. April 7-16, 2006. N=737 adults nationwide. Margin of error ± 4.  ","""Now I'd like your views on some people. Would you say your overall opinion of Russell Feingold is very favorable, mostly favorable, mostly unfavorable, or very unfavorable?""",Pew Research Center for the People & the Press survey conducted by Princeton Survey Research Associates International






"e-f.htm | Question 23"
"Quinnipiac University. Dec. 16-20, 2015. N=1,140 registered voters nationwide."
"Is your opinion of Carly Fiorina favorable, unfavorable, or haven't you heard enough about her?"
date,favorable,unfavorable,haven't heard enough,refused,.,sample_size,margin_of_error,subpopulation,question_type,url,original,question,pollster
"=""12/16-20/15""",25,33,40,1,.,1140,,rv,favorability,http://www.pollingreport.com/e-f.htm,"Quinnipiac University. Dec. 16-20, 2015. N=1,140 registered voters nationwide.","""Is your opinion of Carly Fiorina favorable, unfavorable, or haven't you heard enough about her?""",Quinnipiac University
"=""7/23-28/15""",15,16,68,1,.,,,,favorability,http://www.pollingreport.com/e-f.htm,"Quinnipiac University. Dec. 16-20, 2015. N=1,140 registered voters nationwide.","""Is your opinion of Carly Fiorina favorable, unfavorable, or haven't you heard enough about her?""",Quinnipiac University
"=""5/19-26/15""",12,18,69,2,.,,,,favorability,http://www.pollingreport.com/e-f.htm,"Quinnipiac University. Dec. 16-20, 2015. N=1,140 registered voters nationwide.","""Is your opinion of Carly Fiorina favorable, unfavorable, or haven't you heard enough about her?""",Quinnipiac University






"e-f.htm | Question 24"
"Suffolk University/USA Today. Dec. 2-6, 2015. N=1,000 likely voters nationwide. Margin of error ± 3."
"I am going to read you a short list of individuals and for each, please tell me if your opinion of them is generally favorable or generally unfavorable. If you are undecided or if you have never heard of someone, just tell me that. ... Is your opinion of Carly Fiorina generally favorable or generally unfavorable?"
date,never heard of,favorable,unfavorable,undecided,sample_size,margin_of_error,subpopulation,question_type,url,original,question,pollster
"=""12/2-6/15""",7,31,42,20,1000,3,lv,favorability,http://www.pollingreport.com/e-f.htm,"Suffolk University/USA Today. Dec. 2-6, 2015. N=1,000 likely voters nationwide. Margin of error ± 3.","""I am going to read you a short list of individuals and for each, please tell me if your opinion of them is generally favorable or generally unfavorable. If you are undecided or if you have never heard of someone, just tell me that. ... Is your opinion of Carly Fiorina generally favorable or generally unfavorable?""",Suffolk University/USA Today






"e-f.htm | Question 25"
"ABC News/Washington Post Poll. Sept. 23-27, 2015. N=1,000 adults nationwide. Margin of error ± 4."
"Overall, do you have a favorable or unfavorable impression of Carly Fiorina?"
date,favorable,unfavorable,no opinion,sample_size,margin_of_error,subpopulation,question_type,url,original,question,pollster
"=""9/23-27/15""",35,30,35,1000,4,a,favorability,http://www.pollingreport.com/e-f.htm,"ABC News/Washington Post Poll. Sept. 23-27, 2015. N=1,000 adults nationwide. Margin of error ± 4.","""Overall, do you have a favorable or unfavorable impression of Carly Fiorina?""",ABC News/Washington Post Poll






"e-f.htm | Question 26"
"CNN/ORC Poll. Sept. 17-19, 2015. N=1,006 adults nationwide. Margin of error ± 3."
"We'd like to get your overall opinion of some people in the news. As I read each name, please say if you have a favorable or unfavorable opinion of these people -- or if you have never heard of them. Carly Fiorina."
date,favorable,unfavorable,never heard of,no opinion,.,sample_size,margin_of_error,subpopulation,question_type,url,original,question,pollster
"=""9/17-19/15""",34,23,30,13,.,1006,3,a,favorability,http://www.pollingreport.com/e-f.htm,"CNN/ORC Poll. Sept. 17-19, 2015. N=1,006 adults nationwide. Margin of error ± 3.","""We'd like to get your overall opinion of some people in the news. As I read each name, please say if you have a favorable or unfavorable opinion of these people -- or if you have never heard of them. Carly Fiorina.""",CNN/ORC Poll
"=""8/13-16/15""",27,19,43,10,.,,,,favorability,http://www.pollingreport.com/e-f.htm,"CNN/ORC Poll. Sept. 17-19, 2015. N=1,006 adults nationwide. Margin of error ± 3.","""We'd like to get your overall opinion of some people in the news. As I read each name, please say if you have a favorable or unfavorable opinion of these people -- or if you have never heard of them. Carly Fiorina.""",CNN/ORC Poll






"e-f.htm | Question 27"
"Monmouth University Poll. Aug. 31-Sept. 2, 2015. N=366 registered voters nationwide who are Republicans or lean Republican. Margin of error ± 5.1."
"I'm going to read you a few names of people who are running for president in 2016. Please tell me if your general impression of each is favorable or unfavorable, or if you don't really have an opinion. Businesswoman Carly Fiorina."
date,favorable,unfavorable,no opinion,.,.,sample_size,margin_of_error,subpopulation,question_type,url,original,question,pollster
"=""8/31 - 9/2/15""",43,13,43,.,.,366,5,rv,favorability,http://www.pollingreport.com/e-f.htm,"Monmouth University Poll. Aug. 31-Sept. 2, 2015. N=366 registered voters nationwide who are Republicans or lean Republican. Margin of error ± 5.1.","""I'm going to read you a few names of people who are running for president in 2016. Please tell me if your general impression of each is favorable or unfavorable, or if you don't really have an opinion. Businesswoman Carly Fiorina.""",Monmouth University Poll
"=""7/30 - 8/2/15""",30,11,58,.,.,,,,favorability,http://www.pollingreport.com/e-f.htm,"Monmouth University Poll. Aug. 31-Sept. 2, 2015. N=366 registered voters nationwide who are Republicans or lean Republican. Margin of error ± 5.1.","""I'm going to read you a few names of people who are running for president in 2016. Please tell me if your general impression of each is favorable or unfavorable, or if you don't really have an opinion. Businesswoman Carly Fiorina.""",Monmouth University Poll
"=""7/9-12/15""",30,18,51,.,.,,,,favorability,http://www.pollingreport.com/e-f.htm,"Monmouth University Poll. Aug. 31-Sept. 2, 2015. N=366 registered voters nationwide who are Republicans or lean Republican. Margin of error ± 5.1.","""I'm going to read you a few names of people who are running for president in 2016. Please tell me if your general impression of each is favorable or unfavorable, or if you don't really have an opinion. Businesswoman Carly Fiorina.""",Monmouth University Poll
"=""6/11-14/15""",29,18,54,.,.,,,,favorability,http://www.pollingreport.com/e-f.htm,"Monmouth University Poll. Aug. 31-Sept. 2, 2015. N=366 registered voters nationwide who are Republicans or lean Republican. Margin of error ± 5.1.","""I'm going to read you a few names of people who are running for president in 2016. Please tell me if your general impression of each is favorable or unfavorable, or if you don't really have an opinion. Businesswoman Carly Fiorina.""",Monmouth University Poll
"=""3/30 - 4/2/15""",18,20,62,.,.,,,,favorability,http://www.pollingreport.com/e-f.htm,"Monmouth University Poll. Aug. 31-Sept. 2, 2015. N=366 registered voters nationwide who are Republicans or lean Republican. Margin of error ± 5.1.","""I'm going to read you a few names of people who are running for president in 2016. Please tell me if your general impression of each is favorable or unfavorable, or if you don't really have an opinion. Businesswoman Carly Fiorina.""",Monmouth University Poll






"e-f.htm | Question 28"
"McClatchy-Marist Poll. July 22-28, 2015. N=345 Republicans and Republican leaning independents nationwide. Margin of error ± 5.3."
"Overall, do you have a favorable or an unfavorable impression of Carly Fiorina?"
date,favorable,unfavorable,never heard of/unsure,.,.,sample_size,margin_of_error,subpopulation,question_type,url,original,question,pollster
"=""7/22-28/15""",26,12,62,.,.,345,5,,favorability,http://www.pollingreport.com/e-f.htm,"McClatchy-Marist Poll. July 22-28, 2015. N=345 Republicans and Republican leaning independents nationwide. Margin of error ± 5.3.","""Overall, do you have a favorable or an unfavorable impression of Carly Fiorina?""",McClatchy-Marist Poll






"e-f.htm | Question 29"
"Quinnipiac University . Nov. 13-19, 2006. N=1,623 registered voters nationwide. Margin of error ± 2.4."
"I'd like to get your feelings toward some of our political leaders and other people who have been in the news. I'll read the name of a person and I'd like you to rate that person using something called the feeling thermometer. You can choose any number between 0 and 100. The higher the number, the warmer or more favorable you feel toward that person, the lower the number, the colder or less favorable. If we come to a person who you haven't heard enough about to form an opinion, you don't need to rate the person. Just tell me and we'll move on to the next one. How do you feel about
manually enter poll





"e-f.htm | Question 30"
"CNN Poll conducted by Opinion Research Corporation. Oct. 6-8, 2006. N=1,028 adults nationwide. Margin of error ± 3."
"Next, we'd like to get your overall opinion of some people in the news. As I read each name, please say if you have a favorable or unfavorable opinion of these people -- or if you have never heard of them. Senate Republican Leader Bill Frist."
date,favorable,unfavorable,never heard of,no opinion,sample_size,margin_of_error,subpopulation,question_type,url,original,question,pollster
"=""10/6-8/06""",28,36,22,14,1028,3,a,favorability,http://www.pollingreport.com/e-f.htm,"CNN Poll conducted by Opinion Research Corporation. Oct. 6-8, 2006. N=1,028 adults nationwide. Margin of error ± 3.","""Next, we'd like to get your overall opinion of some people in the news. As I read each name, please say if you have a favorable or unfavorable opinion of these people -- or if you have never heard of them. Senate Republican Leader Bill Frist.""",CNN Poll conducted by Opinion Research Corporation






"e-f.htm | Question 31"
"The Harris Poll. Sept. 8-11, 2006. N=1,004 adults nationwide. Margin of error ± 3.  "
"How would you rate the job Senate Majority Leader Bill Frist is doing: excellent, pretty good, only fair, or poor?"
date,excellent/ pretty good,only fair/ poor,sample_size,margin_of_error,subpopulation,question_type,url,original,question,pollster
"=""9/8-11/06""",25,52,1004,3,a,approval,http://www.pollingreport.com/e-f.htm,"The Harris Poll. Sept. 8-11, 2006. N=1,004 adults nationwide. Margin of error ± 3.  ","""How would you rate the job Senate Majority Leader Bill Frist is doing: excellent, pretty good, only fair, or poor?""",The Harris Poll
"=""6/2-5/06""",23,55,,,,approval,http://www.pollingreport.com/e-f.htm,"The Harris Poll. Sept. 8-11, 2006. N=1,004 adults nationwide. Margin of error ± 3.  ","""How would you rate the job Senate Majority Leader Bill Frist is doing: excellent, pretty good, only fair, or poor?""",The Harris Poll
"=""3/3-7/06""",21,55,,,,approval,http://www.pollingreport.com/e-f.htm,"The Harris Poll. Sept. 8-11, 2006. N=1,004 adults nationwide. Margin of error ± 3.  ","""How would you rate the job Senate Majority Leader Bill Frist is doing: excellent, pretty good, only fair, or poor?""",The Harris Poll
"=""11/8-13/05""",23,52,,,,approval,http://www.pollingreport.com/e-f.htm,"The Harris Poll. Sept. 8-11, 2006. N=1,004 adults nationwide. Margin of error ± 3.  ","""How would you rate the job Senate Majority Leader Bill Frist is doing: excellent, pretty good, only fair, or poor?""",The Harris Poll
"=""8/9-16/05""",28,49,,,,approval,http://www.pollingreport.com/e-f.htm,"The Harris Poll. Sept. 8-11, 2006. N=1,004 adults nationwide. Margin of error ± 3.  ","""How would you rate the job Senate Majority Leader Bill Frist is doing: excellent, pretty good, only fair, or poor?""",The Harris Poll
"=""6/7-12/05""",28,47,,,,approval,http://www.pollingreport.com/e-f.htm,"The Harris Poll. Sept. 8-11, 2006. N=1,004 adults nationwide. Margin of error ± 3.  ","""How would you rate the job Senate Majority Leader Bill Frist is doing: excellent, pretty good, only fair, or poor?""",The Harris Poll
"=""4/5-10/05""",32,51,,,,approval,http://www.pollingreport.com/e-f.htm,"The Harris Poll. Sept. 8-11, 2006. N=1,004 adults nationwide. Margin of error ± 3.  ","""How would you rate the job Senate Majority Leader Bill Frist is doing: excellent, pretty good, only fair, or poor?""",The Harris Poll
"=""9/9-13/04""",27,40,,,,approval,http://www.pollingreport.com/e-f.htm,"The Harris Poll. Sept. 8-11, 2006. N=1,004 adults nationwide. Margin of error ± 3.  ","""How would you rate the job Senate Majority Leader Bill Frist is doing: excellent, pretty good, only fair, or poor?""",The Harris Poll
"=""8/10-15/04""",28,38,,,,approval,http://www.pollingreport.com/e-f.htm,"The Harris Poll. Sept. 8-11, 2006. N=1,004 adults nationwide. Margin of error ± 3.  ","""How would you rate the job Senate Majority Leader Bill Frist is doing: excellent, pretty good, only fair, or poor?""",The Harris Poll
"=""6/8-15/04""",30,36,,,,approval,http://www.pollingreport.com/e-f.htm,"The Harris Poll. Sept. 8-11, 2006. N=1,004 adults nationwide. Margin of error ± 3.  ","""How would you rate the job Senate Majority Leader Bill Frist is doing: excellent, pretty good, only fair, or poor?""",The Harris Poll
"=""4/8-15/04""",26,36,,,,approval,http://www.pollingreport.com/e-f.htm,"The Harris Poll. Sept. 8-11, 2006. N=1,004 adults nationwide. Margin of error ± 3.  ","""How would you rate the job Senate Majority Leader Bill Frist is doing: excellent, pretty good, only fair, or poor?""",The Harris Poll
"=""2/9-16/04""",31,36,,,,approval,http://www.pollingreport.com/e-f.htm,"The Harris Poll. Sept. 8-11, 2006. N=1,004 adults nationwide. Margin of error ± 3.  ","""How would you rate the job Senate Majority Leader Bill Frist is doing: excellent, pretty good, only fair, or poor?""",The Harris Poll
"=""12/03""",27,38,,,,approval,http://www.pollingreport.com/e-f.htm,"The Harris Poll. Sept. 8-11, 2006. N=1,004 adults nationwide. Margin of error ± 3.  ","""How would you rate the job Senate Majority Leader Bill Frist is doing: excellent, pretty good, only fair, or poor?""",The Harris Poll
"=""10/14-19/03""",29,34,,,,approval,http://www.pollingreport.com/e-f.htm,"The Harris Poll. Sept. 8-11, 2006. N=1,004 adults nationwide. Margin of error ± 3.  ","""How would you rate the job Senate Majority Leader Bill Frist is doing: excellent, pretty good, only fair, or poor?""",The Harris Poll
"=""8/12-17/03""",32,35,,,,approval,http://www.pollingreport.com/e-f.htm,"The Harris Poll. Sept. 8-11, 2006. N=1,004 adults nationwide. Margin of error ± 3.  ","""How would you rate the job Senate Majority Leader Bill Frist is doing: excellent, pretty good, only fair, or poor?""",The Harris Poll
"=""6/10-15/03""",38,32,,,,approval,http://www.pollingreport.com/e-f.htm,"The Harris Poll. Sept. 8-11, 2006. N=1,004 adults nationwide. Margin of error ± 3.  ","""How would you rate the job Senate Majority Leader Bill Frist is doing: excellent, pretty good, only fair, or poor?""",The Harris Poll
"=""4/10-15/03""",39,29,,,,approval,http://www.pollingreport.com/e-f.htm,"The Harris Poll. Sept. 8-11, 2006. N=1,004 adults nationwide. Margin of error ± 3.  ","""How would you rate the job Senate Majority Leader Bill Frist is doing: excellent, pretty good, only fair, or poor?""",The Harris Poll
"=""2/12-16/03""",37,30,,,,approval,http://www.pollingreport.com/e-f.htm,"The Harris Poll. Sept. 8-11, 2006. N=1,004 adults nationwide. Margin of error ± 3.  ","""How would you rate the job Senate Majority Leader Bill Frist is doing: excellent, pretty good, only fair, or poor?""",The Harris Poll






"e-f.htm | Question 32"
"Time Poll conducted by Schulman, Ronca & Bucuvalas (SRBI) Public Affairs. July 13-17, 2006. N=1,003 adults nationwide. Margin of error ± 3."
"Looking ahead to the 2008 presidential election, how favorable an impression do you have of each of the following possible candidates: very favorable, somewhat favorable, somewhat unfavorable, very unfavorable? . . . Tennessee Republican Senator Bill Frist."
date,very favorable,somewhat favorable,somewhat unfavorable,very unfavorable,unsure,sample_size,margin_of_error,subpopulation,question_type,url,original,question,pollster
"=""7/13-17/06""",3,17,13,14,54,1003,3,a,favorability,http://www.pollingreport.com/e-f.htm,"Time Poll conducted by Schulman, Ronca & Bucuvalas (SRBI) Public Affairs. July 13-17, 2006. N=1,003 adults nationwide. Margin of error ± 3.","""Looking ahead to the 2008 presidential election, how favorable an impression do you have of each of the following possible candidates: very favorable, somewhat favorable, somewhat unfavorable, very unfavorable? . . . Tennessee Republican Senator Bill Frist.""","Time Poll conducted by Schulman, Ronca & Bucuvalas (SRBI) Public Affairs"
"=""3/22-23/06""",5,25,19,17,34,,,,favorability,http://www.pollingreport.com/e-f.htm,"Time Poll conducted by Schulman, Ronca & Bucuvalas (SRBI) Public Affairs. July 13-17, 2006. N=1,003 adults nationwide. Margin of error ± 3.","""Looking ahead to the 2008 presidential election, how favorable an impression do you have of each of the following possible candidates: very favorable, somewhat favorable, somewhat unfavorable, very unfavorable? . . . Tennessee Republican Senator Bill Frist.""","Time Poll conducted by Schulman, Ronca & Bucuvalas (SRBI) Public Affairs"






"e-f.htm | Question 33"
"Pew Research Center for the People & the Press survey conducted by Princeton Survey Research Associates International. April 7-16, 2006. N=764 adults nationwide. Margin of error ± 4.  "
"Now I'd like your views on some people. Would you say your overall opinion of Bill Frist is very favorable, mostly favorable, mostly unfavorable, or very unfavorable?"
date,very favorable,mostly favorable,mostly unfavorable,very unfavorable,never heard of (vol.),can't rate (vol.),sample_size,margin_of_error,subpopulation,question_type,url,original,question,pollster
"=""4/7-16/06""",5,19,17,12,32,15,764,4,a,favorability,http://www.pollingreport.com/e-f.htm,"Pew Research Center for the People & the Press survey conducted by Princeton Survey Research Associates International. April 7-16, 2006. N=764 adults nationwide. Margin of error ± 4.  ","""Now I'd like your views on some people. Would you say your overall opinion of Bill Frist is very favorable, mostly favorable, mostly unfavorable, or very unfavorable?""",Pew Research Center for the People & the Press survey conducted by Princeton Survey Research Associates International
"=""10/12-24/05""",3,18,18,8,35,18,,,,favorability,http://www.pollingreport.com/e-f.htm,"Pew Research Center for the People & the Press survey conducted by Princeton Survey Research Associates International. April 7-16, 2006. N=764 adults nationwide. Margin of error ± 4.  ","""Now I'd like your views on some people. Would you say your overall opinion of Bill Frist is very favorable, mostly favorable, mostly unfavorable, or very unfavorable?""",Pew Research Center for the People & the Press survey conducted by Princeton Survey Research Associates International
"=""1/03""",7,20,10,2,42,19,,,,favorability,http://www.pollingreport.com/e-f.htm,"Pew Research Center for the People & the Press survey conducted by Princeton Survey Research Associates International. April 7-16, 2006. N=764 adults nationwide. Margin of error ± 4.  ","""Now I'd like your views on some people. Would you say your overall opinion of Bill Frist is very favorable, mostly favorable, mostly unfavorable, or very unfavorable?""",Pew Research Center for the People & the Press survey conducted by Princeton Survey Research Associates International






"e-f.htm | Question 34"
"CNN/USA Today/Gallup Poll. Oct. 13-16, 2005. N=1,012 adults nationwide. Margin of error ± 3."
"Next, we'd like to get your overall opinion of some people in the news. As I read each name, please say if you have a favorable or unfavorable opinion of these people -- or if you have never heard of them. Senate Republican Leader Bill Frist."
date,favorable,unfavorable,never heard of,no opinion,sample_size,margin_of_error,subpopulation,question_type,url,original,question,pollster
"=""10/13-16/05""",24,30,27,19,1012,3,a,favorability,http://www.pollingreport.com/e-f.htm,"CNN/USA Today/Gallup Poll. Oct. 13-16, 2005. N=1,012 adults nationwide. Margin of error ± 3.","""Next, we'd like to get your overall opinion of some people in the news. As I read each name, please say if you have a favorable or unfavorable opinion of these people -- or if you have never heard of them. Senate Republican Leader Bill Frist.""",CNN/USA Today/Gallup Poll
"=""5/20-22/05""",26,24,32,18,,,,favorability,http://www.pollingreport.com/e-f.htm,"CNN/USA Today/Gallup Poll. Oct. 13-16, 2005. N=1,012 adults nationwide. Margin of error ± 3.","""Next, we'd like to get your overall opinion of some people in the news. As I read each name, please say if you have a favorable or unfavorable opinion of these people -- or if you have never heard of them. Senate Republican Leader Bill Frist.""",CNN/USA Today/Gallup Poll
"=""4/29 - 5/1/05""",32,21,31,16,,,,favorability,http://www.pollingreport.com/e-f.htm,"CNN/USA Today/Gallup Poll. Oct. 13-16, 2005. N=1,012 adults nationwide. Margin of error ± 3.","""Next, we'd like to get your overall opinion of some people in the news. As I read each name, please say if you have a favorable or unfavorable opinion of these people -- or if you have never heard of them. Senate Republican Leader Bill Frist.""",CNN/USA Today/Gallup Poll
"=""4/1-2/05""",26,24,31,19,,,,favorability,http://www.pollingreport.com/e-f.htm,"CNN/USA Today/Gallup Poll. Oct. 13-16, 2005. N=1,012 adults nationwide. Margin of error ± 3.","""Next, we'd like to get your overall opinion of some people in the news. As I read each name, please say if you have a favorable or unfavorable opinion of these people -- or if you have never heard of them. Senate Republican Leader Bill Frist.""",CNN/USA Today/Gallup Poll
"=""1/03""",36,11,30,23,,,,favorability,http://www.pollingreport.com/e-f.htm,"CNN/USA Today/Gallup Poll. Oct. 13-16, 2005. N=1,012 adults nationwide. Margin of error ± 3.","""Next, we'd like to get your overall opinion of some people in the news. As I read each name, please say if you have a favorable or unfavorable opinion of these people -- or if you have never heard of them. Senate Republican Leader Bill Frist.""",CNN/USA Today/Gallup Poll






"e-f.htm | Question 35"
"NBC News/Wall Street Journal Poll conducted by the polling organizations of Peter Hart (D) and Bill McInturff (R). May 12-16, 2005. N=1,005 adults nationwide. Margin of error ± 3.1. "
"I'm going to read you the names of several public figures and I'd like you to rate your feelings toward each one as either very positive, somewhat positive, neutral, somewhat negative, or very negative. If you don't know the name, please just say so. Bill Frist."
date,very positive,some- what positive,neutral,some- what negative,very negative,don't know name/ not sure,sample_size,margin_of_error,subpopulation,question_type,url,original,question,pollster
"=""5/12-16/05""",5,9,18,8,8,52,1005,3,a,thermometer,http://www.pollingreport.com/e-f.htm,"NBC News/Wall Street Journal Poll conducted by the polling organizations of Peter Hart (D) and Bill McInturff (R). May 12-16, 2005. N=1,005 adults nationwide. Margin of error ± 3.1. ","""I'm going to read you the names of several public figures and I'd like you to rate your feelings toward each one as either very positive, somewhat positive, neutral, somewhat negative, or very negative. If you don't know the name, please just say so. Bill Frist.""",NBC News/Wall Street Journal Poll conducted by the polling organizations of Peter Hart (D) and Bill McInturff (R)
"=""3/31 - 4/3/05""",6,9,19,8,6,52,,,,thermometer,http://www.pollingreport.com/e-f.htm,"NBC News/Wall Street Journal Poll conducted by the polling organizations of Peter Hart (D) and Bill McInturff (R). May 12-16, 2005. N=1,005 adults nationwide. Margin of error ± 3.1. ","""I'm going to read you the names of several public figures and I'd like you to rate your feelings toward each one as either very positive, somewhat positive, neutral, somewhat negative, or very negative. If you don't know the name, please just say so. Bill Frist.""",NBC News/Wall Street Journal Poll conducted by the polling organizations of Peter Hart (D) and Bill McInturff (R)
"=""5/03""",5,10,15,6,2,61,,,,thermometer,http://www.pollingreport.com/e-f.htm,"NBC News/Wall Street Journal Poll conducted by the polling organizations of Peter Hart (D) and Bill McInturff (R). May 12-16, 2005. N=1,005 adults nationwide. Margin of error ± 3.1. ","""I'm going to read you the names of several public figures and I'd like you to rate your feelings toward each one as either very positive, somewhat positive, neutral, somewhat negative, or very negative. If you don't know the name, please just say so. Bill Frist.""",NBC News/Wall Street Journal Poll conducted by the polling organizations of Peter Hart (D) and Bill McInturff (R)
"=""1/03""",7,10,22,3,3,55,,,,thermometer,http://www.pollingreport.com/e-f.htm,"NBC News/Wall Street Journal Poll conducted by the polling organizations of Peter Hart (D) and Bill McInturff (R). May 12-16, 2005. N=1,005 adults nationwide. Margin of error ± 3.1. ","""I'm going to read you the names of several public figures and I'd like you to rate your feelings toward each one as either very positive, somewhat positive, neutral, somewhat negative, or very negative. If you don't know the name, please just say so. Bill Frist.""",NBC News/Wall Street Journal Poll conducted by the polling organizations of Peter Hart (D) and Bill McInturff (R)






"e-f.htm | Question 36"
"CBS News Poll. April 13-16, 2005. N=1,149 adults nationwide. Margin of error ± 3."
"Is your opinion of
date,favorable,not favorable,undecided,haven't heard enough,refused,sample_size,margin_of_error,subpopulation,question_type,url,original,question,pollster
"=""4/13-16/05""",8,10,17,64,1,1149,3,a,favorability,http://www.pollingreport.com/e-f.htm,"CBS News Poll. April 13-16, 2005. N=1,149 adults nationwide. Margin of error ± 3.","""Is your opinion of",CBS News Poll






