"k.htm | Question 0"
"Bloomberg Politics Poll conducted by Selzer & Company. March 19-22, 2016. N=1,000 adults nationwide. Margin of error ± 3.1."
"I'm going to mention some people and groups in the news recently. For each, please tell me if your feelings are very favorable, mostly favorable, mostly unfavorable, or very unfavorable. If you don't know enough to answer, just say so. John Kasich, governor of Ohio."
date,favorable,unfavorable,unsure,.,sample_size,margin_of_error,subpopulation,question_type,url,original,question,pollster
"=""3/19-22/16""",46,32,23,.,1000,3,a,favorability,http://www.pollingreport.com/k.htm,"Bloomberg Politics Poll conducted by Selzer & Company. March 19-22, 2016. N=1,000 adults nationwide. Margin of error ± 3.1.","""I'm going to mention some people and groups in the news recently. For each, please tell me if your feelings are very favorable, mostly favorable, mostly unfavorable, or very unfavorable. If you don't know enough to answer, just say so. John Kasich, governor of Ohio.""",Bloomberg Politics Poll conducted by Selzer & Company






"k.htm | Question 1"
"CNN/ORC Poll. March 17-20, 2016. N=1,001 adults nationwide. Margin of error ± 3."
"We'd like to get your overall opinion of some people in the news. As I read each name, please say if you have a favorable or unfavorable opinion of these people -- or if you have never heard of them. John Kasich."
date,favorable,unfavorable,never heard of,no opinion,sample_size,margin_of_error,subpopulation,question_type,url,original,question,pollster
"=""3/17-20/16""",40,31,16,12,1001,3,a,favorability,http://www.pollingreport.com/k.htm,"CNN/ORC Poll. March 17-20, 2016. N=1,001 adults nationwide. Margin of error ± 3.","""We'd like to get your overall opinion of some people in the news. As I read each name, please say if you have a favorable or unfavorable opinion of these people -- or if you have never heard of them. John Kasich.""",CNN/ORC Poll
"=""2/24-27/16""",41,22,21,16,,,,favorability,http://www.pollingreport.com/k.htm,"CNN/ORC Poll. March 17-20, 2016. N=1,001 adults nationwide. Margin of error ± 3.","""We'd like to get your overall opinion of some people in the news. As I read each name, please say if you have a favorable or unfavorable opinion of these people -- or if you have never heard of them. John Kasich.""",CNN/ORC Poll
"=""1/21-24/16""",24,26,36,15,,,,favorability,http://www.pollingreport.com/k.htm,"CNN/ORC Poll. March 17-20, 2016. N=1,001 adults nationwide. Margin of error ± 3.","""We'd like to get your overall opinion of some people in the news. As I read each name, please say if you have a favorable or unfavorable opinion of these people -- or if you have never heard of them. John Kasich.""",CNN/ORC Poll
"=""12/17-21/15""",22,31,29,18,,,,favorability,http://www.pollingreport.com/k.htm,"CNN/ORC Poll. March 17-20, 2016. N=1,001 adults nationwide. Margin of error ± 3.","""We'd like to get your overall opinion of some people in the news. As I read each name, please say if you have a favorable or unfavorable opinion of these people -- or if you have never heard of them. John Kasich.""",CNN/ORC Poll
"=""9/17-19/15""",21,22,39,18,,,,favorability,http://www.pollingreport.com/k.htm,"CNN/ORC Poll. March 17-20, 2016. N=1,001 adults nationwide. Margin of error ± 3.","""We'd like to get your overall opinion of some people in the news. As I read each name, please say if you have a favorable or unfavorable opinion of these people -- or if you have never heard of them. John Kasich.""",CNN/ORC Poll
"=""8/13-16/15""",23,22,44,11,,,,favorability,http://www.pollingreport.com/k.htm,"CNN/ORC Poll. March 17-20, 2016. N=1,001 adults nationwide. Margin of error ± 3.","""We'd like to get your overall opinion of some people in the news. As I read each name, please say if you have a favorable or unfavorable opinion of these people -- or if you have never heard of them. John Kasich.""",CNN/ORC Poll






"k.htm | Question 2"
"Quinnipiac University. Feb. 10-15, 2016. N=1,342 registered voters nationwide. Margin of error ± 2.7."
"Is your opinion of John Kasich favorable, unfavorable, or haven't you heard enough about him?"
date,favorable,unfavorable,haven't heard enough,refused,sample_size,margin_of_error,subpopulation,question_type,url,original,question,pollster
"=""2/10-15/16""",35,18,45,2,1342,2,rv,favorability,http://www.pollingreport.com/k.htm,"Quinnipiac University. Feb. 10-15, 2016. N=1,342 registered voters nationwide. Margin of error ± 2.7.","""Is your opinion of John Kasich favorable, unfavorable, or haven't you heard enough about him?""",Quinnipiac University
"=""12/16-20/15""",21,20,57,2,,,,favorability,http://www.pollingreport.com/k.htm,"Quinnipiac University. Feb. 10-15, 2016. N=1,342 registered voters nationwide. Margin of error ± 2.7.","""Is your opinion of John Kasich favorable, unfavorable, or haven't you heard enough about him?""",Quinnipiac University






"k.htm | Question 3"
"Monmouth University Poll. Aug. 31-Sept. 2, 2015. N=366 registered voters nationwide who are Republicans or lean Republican. Margin of error ± 5.1."
"I'm going to read you a few names of people who are running for president in 2016. Please tell me if your general impression of each is favorable or unfavorable, or if you don't really have an opinion. ... Ohio Governor John Kasich."
date,favorable,unfavorable,no opinion,.,sample_size,margin_of_error,subpopulation,question_type,url,original,question,pollster
"=""8/31 - 9/2/15""",23,18,59,.,366,5,rv,favorability,http://www.pollingreport.com/k.htm,"Monmouth University Poll. Aug. 31-Sept. 2, 2015. N=366 registered voters nationwide who are Republicans or lean Republican. Margin of error ± 5.1.","""I'm going to read you a few names of people who are running for president in 2016. Please tell me if your general impression of each is favorable or unfavorable, or if you don't really have an opinion. ... Ohio Governor John Kasich.""",Monmouth University Poll
"=""7/30 - 8/2/15""",27,14,58,.,,,,favorability,http://www.pollingreport.com/k.htm,"Monmouth University Poll. Aug. 31-Sept. 2, 2015. N=366 registered voters nationwide who are Republicans or lean Republican. Margin of error ± 5.1.","""I'm going to read you a few names of people who are running for president in 2016. Please tell me if your general impression of each is favorable or unfavorable, or if you don't really have an opinion. ... Ohio Governor John Kasich.""",Monmouth University Poll
"=""7/9-12/15""",19,16,65,.,,,,favorability,http://www.pollingreport.com/k.htm,"Monmouth University Poll. Aug. 31-Sept. 2, 2015. N=366 registered voters nationwide who are Republicans or lean Republican. Margin of error ± 5.1.","""I'm going to read you a few names of people who are running for president in 2016. Please tell me if your general impression of each is favorable or unfavorable, or if you don't really have an opinion. ... Ohio Governor John Kasich.""",Monmouth University Poll
"=""6/11-14/15""",20,18,62,.,,,,favorability,http://www.pollingreport.com/k.htm,"Monmouth University Poll. Aug. 31-Sept. 2, 2015. N=366 registered voters nationwide who are Republicans or lean Republican. Margin of error ± 5.1.","""I'm going to read you a few names of people who are running for president in 2016. Please tell me if your general impression of each is favorable or unfavorable, or if you don't really have an opinion. ... Ohio Governor John Kasich.""",Monmouth University Poll
"=""3/30 - 4/2/15""",24,14,61,.,,,,favorability,http://www.pollingreport.com/k.htm,"Monmouth University Poll. Aug. 31-Sept. 2, 2015. N=366 registered voters nationwide who are Republicans or lean Republican. Margin of error ± 5.1.","""I'm going to read you a few names of people who are running for president in 2016. Please tell me if your general impression of each is favorable or unfavorable, or if you don't really have an opinion. ... Ohio Governor John Kasich.""",Monmouth University Poll
"=""12/10-14/14""",21,11,69,.,,,,favorability,http://www.pollingreport.com/k.htm,"Monmouth University Poll. Aug. 31-Sept. 2, 2015. N=366 registered voters nationwide who are Republicans or lean Republican. Margin of error ± 5.1.","""I'm going to read you a few names of people who are running for president in 2016. Please tell me if your general impression of each is favorable or unfavorable, or if you don't really have an opinion. ... Ohio Governor John Kasich.""",Monmouth University Poll






"k.htm | Question 4"
"CBS News Poll. March 20-23, 2014. N=1,097 adults nationwide. Margin of error ± 3."
"Do you approve or disapprove of the way John Kerry is handling his job as secretary of state?"
date,approve,disapprove,unsure/ no answer,.,sample_size,margin_of_error,subpopulation,question_type,url,original,question,pollster
"=""3/20-23/14""",44,36,20,.,1097,3,a,approval,http://www.pollingreport.com/k.htm,"CBS News Poll. March 20-23, 2014. N=1,097 adults nationwide. Margin of error ± 3.","""Do you approve or disapprove of the way John Kerry is handling his job as secretary of state?""",CBS News Poll






"k.htm | Question 5"
"Gallup Poll. Feb. 6-9, 2014. N=1,023 adults nationwide. Margin of error ± 4."
"We'd like to get your overall opinion of some people in the news. As I read each name, please say if you have a favorable or unfavorable opinion of these people -- or if you have never heard of them. How about Secretary of State John Kerry?"
date,favorable,unfavorable,never heard of,unsure,sample_size,margin_of_error,subpopulation,question_type,url,original,question,pollster
"=""2/6-9/14""",55,34,5,5,1023,4,a,favorability,http://www.pollingreport.com/k.htm,"Gallup Poll. Feb. 6-9, 2014. N=1,023 adults nationwide. Margin of error ± 4.","""We'd like to get your overall opinion of some people in the news. As I read each name, please say if you have a favorable or unfavorable opinion of these people -- or if you have never heard of them. How about Secretary of State John Kerry?""",Gallup Poll
"=""9/15-16/13""",48,35,6,11,,,,favorability,http://www.pollingreport.com/k.htm,"Gallup Poll. Feb. 6-9, 2014. N=1,023 adults nationwide. Margin of error ± 4.","""We'd like to get your overall opinion of some people in the news. As I read each name, please say if you have a favorable or unfavorable opinion of these people -- or if you have never heard of them. How about Secretary of State John Kerry?""",Gallup Poll
"=""4/11-14/13""",44,35,8,13,,,,favorability,http://www.pollingreport.com/k.htm,"Gallup Poll. Feb. 6-9, 2014. N=1,023 adults nationwide. Margin of error ± 4.","""We'd like to get your overall opinion of some people in the news. As I read each name, please say if you have a favorable or unfavorable opinion of these people -- or if you have never heard of them. How about Secretary of State John Kerry?""",Gallup Poll
"=""7/25-28/05""",42,48,3,7,,,,favorability,http://www.pollingreport.com/k.htm,"Gallup Poll. Feb. 6-9, 2014. N=1,023 adults nationwide. Margin of error ± 4.","""We'd like to get your overall opinion of some people in the news. As I read each name, please say if you have a favorable or unfavorable opinion of these people -- or if you have never heard of them. How about Secretary of State John Kerry?""",Gallup Poll
"=""10/29-31/05""",52,43,-,5,,,,favorability,http://www.pollingreport.com/k.htm,"Gallup Poll. Feb. 6-9, 2014. N=1,023 adults nationwide. Margin of error ± 4.","""We'd like to get your overall opinion of some people in the news. As I read each name, please say if you have a favorable or unfavorable opinion of these people -- or if you have never heard of them. How about Secretary of State John Kerry?""",Gallup Poll
"=""9/13-15/04""",51,44,-,5,,,,favorability,http://www.pollingreport.com/k.htm,"Gallup Poll. Feb. 6-9, 2014. N=1,023 adults nationwide. Margin of error ± 4.","""We'd like to get your overall opinion of some people in the news. As I read each name, please say if you have a favorable or unfavorable opinion of these people -- or if you have never heard of them. How about Secretary of State John Kerry?""",Gallup Poll
"=""9/3-5/04""",53,43,-,4,,,,favorability,http://www.pollingreport.com/k.htm,"Gallup Poll. Feb. 6-9, 2014. N=1,023 adults nationwide. Margin of error ± 4.","""We'd like to get your overall opinion of some people in the news. As I read each name, please say if you have a favorable or unfavorable opinion of these people -- or if you have never heard of them. How about Secretary of State John Kerry?""",Gallup Poll
"=""8/23-25/04""",52,40,1,7,,,,favorability,http://www.pollingreport.com/k.htm,"Gallup Poll. Feb. 6-9, 2014. N=1,023 adults nationwide. Margin of error ± 4.","""We'd like to get your overall opinion of some people in the news. As I read each name, please say if you have a favorable or unfavorable opinion of these people -- or if you have never heard of them. How about Secretary of State John Kerry?""",Gallup Poll
"=""7/30 - 8/1/04""",57,37,1,5,,,,favorability,http://www.pollingreport.com/k.htm,"Gallup Poll. Feb. 6-9, 2014. N=1,023 adults nationwide. Margin of error ± 4.","""We'd like to get your overall opinion of some people in the news. As I read each name, please say if you have a favorable or unfavorable opinion of these people -- or if you have never heard of them. How about Secretary of State John Kerry?""",Gallup Poll
"=""7/19-21/04""",55,37,2,6,,,,favorability,http://www.pollingreport.com/k.htm,"Gallup Poll. Feb. 6-9, 2014. N=1,023 adults nationwide. Margin of error ± 4.","""We'd like to get your overall opinion of some people in the news. As I read each name, please say if you have a favorable or unfavorable opinion of these people -- or if you have never heard of them. How about Secretary of State John Kerry?""",Gallup Poll
"=""7/8-11/04""",56,34,2,8,,,,favorability,http://www.pollingreport.com/k.htm,"Gallup Poll. Feb. 6-9, 2014. N=1,023 adults nationwide. Margin of error ± 4.","""We'd like to get your overall opinion of some people in the news. As I read each name, please say if you have a favorable or unfavorable opinion of these people -- or if you have never heard of them. How about Secretary of State John Kerry?""",Gallup Poll
"=""7/6/04 reg. voters""",50,41,1,8,,,,favorability,http://www.pollingreport.com/k.htm,"Gallup Poll. Feb. 6-9, 2014. N=1,023 adults nationwide. Margin of error ± 4.","""We'd like to get your overall opinion of some people in the news. As I read each name, please say if you have a favorable or unfavorable opinion of these people -- or if you have never heard of them. How about Secretary of State John Kerry?""",Gallup Poll
"=""6/21-23/04""",58,35,2,5,,,,favorability,http://www.pollingreport.com/k.htm,"Gallup Poll. Feb. 6-9, 2014. N=1,023 adults nationwide. Margin of error ± 4.","""We'd like to get your overall opinion of some people in the news. As I read each name, please say if you have a favorable or unfavorable opinion of these people -- or if you have never heard of them. How about Secretary of State John Kerry?""",Gallup Poll
"=""4/16-18/04""",54,37,3,6,,,,favorability,http://www.pollingreport.com/k.htm,"Gallup Poll. Feb. 6-9, 2014. N=1,023 adults nationwide. Margin of error ± 4.","""We'd like to get your overall opinion of some people in the news. As I read each name, please say if you have a favorable or unfavorable opinion of these people -- or if you have never heard of them. How about Secretary of State John Kerry?""",Gallup Poll
"=""3/26-28/04""",53,36,3,8,,,,favorability,http://www.pollingreport.com/k.htm,"Gallup Poll. Feb. 6-9, 2014. N=1,023 adults nationwide. Margin of error ± 4.","""We'd like to get your overall opinion of some people in the news. As I read each name, please say if you have a favorable or unfavorable opinion of these people -- or if you have never heard of them. How about Secretary of State John Kerry?""",Gallup Poll
"=""2/16-17/04""",60,26,4,10,,,,favorability,http://www.pollingreport.com/k.htm,"Gallup Poll. Feb. 6-9, 2014. N=1,023 adults nationwide. Margin of error ± 4.","""We'd like to get your overall opinion of some people in the news. As I read each name, please say if you have a favorable or unfavorable opinion of these people -- or if you have never heard of them. How about Secretary of State John Kerry?""",Gallup Poll
"=""1/29 - 2/1/04""",61,23,6,10,,,,favorability,http://www.pollingreport.com/k.htm,"Gallup Poll. Feb. 6-9, 2014. N=1,023 adults nationwide. Margin of error ± 4.","""We'd like to get your overall opinion of some people in the news. As I read each name, please say if you have a favorable or unfavorable opinion of these people -- or if you have never heard of them. How about Secretary of State John Kerry?""",Gallup Poll
"=""1/2-5/04""",31,32,19,18,,,,favorability,http://www.pollingreport.com/k.htm,"Gallup Poll. Feb. 6-9, 2014. N=1,023 adults nationwide. Margin of error ± 4.","""We'd like to get your overall opinion of some people in the news. As I read each name, please say if you have a favorable or unfavorable opinion of these people -- or if you have never heard of them. How about Secretary of State John Kerry?""",Gallup Poll
"=""11/03""",31,24,26,19,,,,favorability,http://www.pollingreport.com/k.htm,"Gallup Poll. Feb. 6-9, 2014. N=1,023 adults nationwide. Margin of error ± 4.","""We'd like to get your overall opinion of some people in the news. As I read each name, please say if you have a favorable or unfavorable opinion of these people -- or if you have never heard of them. How about Secretary of State John Kerry?""",Gallup Poll
"=""12/02""",31,13,32,24,,,,favorability,http://www.pollingreport.com/k.htm,"Gallup Poll. Feb. 6-9, 2014. N=1,023 adults nationwide. Margin of error ± 4.","""We'd like to get your overall opinion of some people in the news. As I read each name, please say if you have a favorable or unfavorable opinion of these people -- or if you have never heard of them. How about Secretary of State John Kerry?""",Gallup Poll
"=""2/99""",30,9,39,22,,,,favorability,http://www.pollingreport.com/k.htm,"Gallup Poll. Feb. 6-9, 2014. N=1,023 adults nationwide. Margin of error ± 4.","""We'd like to get your overall opinion of some people in the news. As I read each name, please say if you have a favorable or unfavorable opinion of these people -- or if you have never heard of them. How about Secretary of State John Kerry?""",Gallup Poll






"k.htm | Question 6"
"CNN/ORC Poll. Jan. 31-Feb. 2, 2014. N=1,010 adults nationwide. Margin of error ± 3."
"Do you approve or disapprove of the way John Kerry is handling his job as secretary of state?"
date,approve,disapprove,unsure,sample_size,margin_of_error,subpopulation,question_type,url,original,question,pollster
"=""1/31 - 2/2/14""",49,34,17,1010,3,a,approval,http://www.pollingreport.com/k.htm,"CNN/ORC Poll. Jan. 31-Feb. 2, 2014. N=1,010 adults nationwide. Margin of error ± 3.","""Do you approve or disapprove of the way John Kerry is handling his job as secretary of state?""",CNN/ORC Poll
"=""9/6-8/13""",47,42,11,,,,approval,http://www.pollingreport.com/k.htm,"CNN/ORC Poll. Jan. 31-Feb. 2, 2014. N=1,010 adults nationwide. Margin of error ± 3.","""Do you approve or disapprove of the way John Kerry is handling his job as secretary of state?""",CNN/ORC Poll






"k.htm | Question 7"
"Fox News Poll conducted by Anderson Robbins Research (D) and Shaw & Company Research (R). Sept. 6-8, 2013. N=900 registered voters nationwide. Margin of error ± 3."
"Do you approve or disapprove of the job John Kerry is doing as secretary of state?"
date,approve,disapprove,unsure,sample_size,margin_of_error,subpopulation,question_type,url,original,question,pollster
"=""9/6-8/13""",43,40,17,900,3,rv,approval,http://www.pollingreport.com/k.htm,"Fox News Poll conducted by Anderson Robbins Research (D) and Shaw & Company Research (R). Sept. 6-8, 2013. N=900 registered voters nationwide. Margin of error ± 3.","""Do you approve or disapprove of the job John Kerry is doing as secretary of state?""",Fox News Poll conducted by Anderson Robbins Research (D) and Shaw & Company Research (R)






"k.htm | Question 8"
"Gallup Poll. Sept. 5-8, 2013. N=764 adults nationwide. Margin of error ± 4."
"Do you approve or disapprove of the way John Kerry is handling his job as secretary of state?"
date,approve,disapprove,unsure,sample_size,margin_of_error,subpopulation,question_type,url,original,question,pollster
"=""9/5-8/13""",60,31,8,764,4,a,approval,http://www.pollingreport.com/k.htm,"Gallup Poll. Sept. 5-8, 2013. N=764 adults nationwide. Margin of error ± 4.","""Do you approve or disapprove of the way John Kerry is handling his job as secretary of state?""",Gallup Poll






"k.htm | Question 9"
"CNN/ORC Poll. March 15-17, 2013. N=1,021 adults nationwide. Margin of error ± 3."
"We'd like to get your overall opinion of some people in the news. As I read each name, please say if you have a favorable or unfavorable opinion of these people -- or if you have never heard of them.
date,favorable,unfavorable,never heard of,no opinion,sample_size,margin_of_error,subpopulation,question_type,url,original,question,pollster
"=""3/15-17/13""",46,35,7,12,1021,3,a,favorability,http://www.pollingreport.com/k.htm,"CNN/ORC Poll. March 15-17, 2013. N=1,021 adults nationwide. Margin of error ± 3.","""We'd like to get your overall opinion of some people in the news. As I read each name, please say if you have a favorable or unfavorable opinion of these people -- or if you have never heard of them.",CNN/ORC Poll
"=""11/16-18/12""",40,37,10,13,,,,favorability,http://www.pollingreport.com/k.htm,"CNN/ORC Poll. March 15-17, 2013. N=1,021 adults nationwide. Margin of error ± 3.","""We'd like to get your overall opinion of some people in the news. As I read each name, please say if you have a favorable or unfavorable opinion of these people -- or if you have never heard of them.",CNN/ORC Poll
"=""11/3-5/06""",38,51,2,8,,,,favorability,http://www.pollingreport.com/k.htm,"CNN/ORC Poll. March 15-17, 2013. N=1,021 adults nationwide. Margin of error ± 3.","""We'd like to get your overall opinion of some people in the news. As I read each name, please say if you have a favorable or unfavorable opinion of these people -- or if you have never heard of them.",CNN/ORC Poll






"k.htm | Question 10"
"Quinnipiac University. Jan. 30-Feb. 4, 2013. N=1,772 registered voters nationwide. Margin of error ± 2.3."
"Is your opinion of John Kerry favorable, unfavorable, or haven't you heard enough about him?"
date,favorable,unfavorable,haven't heard enough,refused,sample_size,margin_of_error,subpopulation,question_type,url,original,question,pollster
"=""1/30 - 2/4/13""",43,33,22,2,1772,2,rv,favorability,http://www.pollingreport.com/k.htm,"Quinnipiac University. Jan. 30-Feb. 4, 2013. N=1,772 registered voters nationwide. Margin of error ± 2.3.","""Is your opinion of John Kerry favorable, unfavorable, or haven't you heard enough about him?""",Quinnipiac University






"k.htm | Question 11"
"CNN/ORC Poll. Dec. 17-18, 2012. N=620 adults nationwide. Margin of error ± 4."
"As you may know, President Obama has considered nominating Massachusetts Senator John Kerry to be the next secretary of state. Based on what you have read or heard about Kerry, do you think it would be good for the country or bad for the country if Kerry became secretary of state?"
date,good for the country,bad for the country,depends/ mixed (vol.),unsure,sample_size,margin_of_error,subpopulation,question_type,url,original,question,pollster
"=""12/17-18/12""",57,32,3,8,620,4,a,unknown,http://www.pollingreport.com/k.htm,"CNN/ORC Poll. Dec. 17-18, 2012. N=620 adults nationwide. Margin of error ± 4.","""As you may know, President Obama has considered nominating Massachusetts Senator John Kerry to be the next secretary of state. Based on what you have read or heard about Kerry, do you think it would be good for the country or bad for the country if Kerry became secretary of state?""",CNN/ORC Poll






"k.htm | Question 12"
"CBS News Poll . Jan. 1-3, 2007. N=993 adults nationwide. Margin of error ± 3."
"Is your opinion of John Kerry favorable, not favorable, undecided, or haven't you heard enough about John Kerry yet to have an opinion?"
date,favorable,not favorable,undecided,haven't heard,refused,sample_size,margin_of_error,subpopulation,question_type,url,original,question,pollster
"=""1/1-3/07""",22,48,23,6,1,993,3,a,favorability,http://www.pollingreport.com/k.htm,"CBS News Poll . Jan. 1-3, 2007. N=993 adults nationwide. Margin of error ± 3.","""Is your opinion of John Kerry favorable, not favorable, undecided, or haven't you heard enough about John Kerry yet to have an opinion?""",CBS News Poll 
"=""5/4-8/06""",26,38,21,13,2,,,,favorability,http://www.pollingreport.com/k.htm,"CBS News Poll . Jan. 1-3, 2007. N=993 adults nationwide. Margin of error ± 3.","""Is your opinion of John Kerry favorable, not favorable, undecided, or haven't you heard enough about John Kerry yet to have an opinion?""",CBS News Poll 
"=""11/18-21/04""",40,39,13,7,1,,,rv,favorability,http://www.pollingreport.com/k.htm,"CBS News Poll . Jan. 1-3, 2007. N=993 adults nationwide. Margin of error ± 3.","""Is your opinion of John Kerry favorable, not favorable, undecided, or haven't you heard enough about John Kerry yet to have an opinion?""",CBS News Poll 
"=""10/28-30/04""",41,47,9,2,1,,,rv,favorability,http://www.pollingreport.com/k.htm,"CBS News Poll . Jan. 1-3, 2007. N=993 adults nationwide. Margin of error ± 3.","""Is your opinion of John Kerry favorable, not favorable, undecided, or haven't you heard enough about John Kerry yet to have an opinion?""",CBS News Poll 
"=""10/14-17/04""",39,44,14,2,1,,,rv,favorability,http://www.pollingreport.com/k.htm,"CBS News Poll . Jan. 1-3, 2007. N=993 adults nationwide. Margin of error ± 3.","""Is your opinion of John Kerry favorable, not favorable, undecided, or haven't you heard enough about John Kerry yet to have an opinion?""",CBS News Poll 
"=""10/9-11/04""",38,40,17,4,1,,,rv,favorability,http://www.pollingreport.com/k.htm,"CBS News Poll . Jan. 1-3, 2007. N=993 adults nationwide. Margin of error ± 3.","""Is your opinion of John Kerry favorable, not favorable, undecided, or haven't you heard enough about John Kerry yet to have an opinion?""",CBS News Poll 
"=""10/1-3/04""",40,41,13,4,2,,,rv,favorability,http://www.pollingreport.com/k.htm,"CBS News Poll . Jan. 1-3, 2007. N=993 adults nationwide. Margin of error ± 3.","""Is your opinion of John Kerry favorable, not favorable, undecided, or haven't you heard enough about John Kerry yet to have an opinion?""",CBS News Poll 
"=""9/20-22/04""",32,44,18,6,0,,,rv,favorability,http://www.pollingreport.com/k.htm,"CBS News Poll . Jan. 1-3, 2007. N=993 adults nationwide. Margin of error ± 3.","""Is your opinion of John Kerry favorable, not favorable, undecided, or haven't you heard enough about John Kerry yet to have an opinion?""",CBS News Poll 
"=""9/12-16/04""",31,42,22,5,0,,,rv,favorability,http://www.pollingreport.com/k.htm,"CBS News Poll . Jan. 1-3, 2007. N=993 adults nationwide. Margin of error ± 3.","""Is your opinion of John Kerry favorable, not favorable, undecided, or haven't you heard enough about John Kerry yet to have an opinion?""",CBS News Poll 
"=""9/6-8/04""",32,41,19,7,1,,,rv,favorability,http://www.pollingreport.com/k.htm,"CBS News Poll . Jan. 1-3, 2007. N=993 adults nationwide. Margin of error ± 3.","""Is your opinion of John Kerry favorable, not favorable, undecided, or haven't you heard enough about John Kerry yet to have an opinion?""",CBS News Poll 
"=""8/15-18/04""",38,34,18,9,1,,,rv,favorability,http://www.pollingreport.com/k.htm,"CBS News Poll . Jan. 1-3, 2007. N=993 adults nationwide. Margin of error ± 3.","""Is your opinion of John Kerry favorable, not favorable, undecided, or haven't you heard enough about John Kerry yet to have an opinion?""",CBS News Poll 
"=""7/30 - 8/1/04""",39,33,20,7,0,,,rv,favorability,http://www.pollingreport.com/k.htm,"CBS News Poll . Jan. 1-3, 2007. N=993 adults nationwide. Margin of error ± 3.","""Is your opinion of John Kerry favorable, not favorable, undecided, or haven't you heard enough about John Kerry yet to have an opinion?""",CBS News Poll 
"=""7/11-15/04""",36,33,20,9,2,,,rv,favorability,http://www.pollingreport.com/k.htm,"CBS News Poll . Jan. 1-3, 2007. N=993 adults nationwide. Margin of error ± 3.","""Is your opinion of John Kerry favorable, not favorable, undecided, or haven't you heard enough about John Kerry yet to have an opinion?""",CBS News Poll 
"=""6/23-27/04""",29,35,26,10,0,,,rv,favorability,http://www.pollingreport.com/k.htm,"CBS News Poll . Jan. 1-3, 2007. N=993 adults nationwide. Margin of error ± 3.","""Is your opinion of John Kerry favorable, not favorable, undecided, or haven't you heard enough about John Kerry yet to have an opinion?""",CBS News Poll 
"=""5/20-23/04""",32,32,25,10,1,,,rv,favorability,http://www.pollingreport.com/k.htm,"CBS News Poll . Jan. 1-3, 2007. N=993 adults nationwide. Margin of error ± 3.","""Is your opinion of John Kerry favorable, not favorable, undecided, or haven't you heard enough about John Kerry yet to have an opinion?""",CBS News Poll 
"=""4/23-27/04""",27,33,26,14,0,,,rv,favorability,http://www.pollingreport.com/k.htm,"CBS News Poll . Jan. 1-3, 2007. N=993 adults nationwide. Margin of error ± 3.","""Is your opinion of John Kerry favorable, not favorable, undecided, or haven't you heard enough about John Kerry yet to have an opinion?""",CBS News Poll 
"=""3/30 - 4/1/04""",31,29,26,13,1,,,rv,favorability,http://www.pollingreport.com/k.htm,"CBS News Poll . Jan. 1-3, 2007. N=993 adults nationwide. Margin of error ± 3.","""Is your opinion of John Kerry favorable, not favorable, undecided, or haven't you heard enough about John Kerry yet to have an opinion?""",CBS News Poll 
"=""3/10-14/04""",28,29,23,18,2,,,rv,favorability,http://www.pollingreport.com/k.htm,"CBS News Poll . Jan. 1-3, 2007. N=993 adults nationwide. Margin of error ± 3.","""Is your opinion of John Kerry favorable, not favorable, undecided, or haven't you heard enough about John Kerry yet to have an opinion?""",CBS News Poll 
"=""2/24-27/04""",37,28,21,14,-,,,rv,favorability,http://www.pollingreport.com/k.htm,"CBS News Poll . Jan. 1-3, 2007. N=993 adults nationwide. Margin of error ± 3.","""Is your opinion of John Kerry favorable, not favorable, undecided, or haven't you heard enough about John Kerry yet to have an opinion?""",CBS News Poll 
"=""1/12-15/04""",19,15,27,38,-,,,rv,favorability,http://www.pollingreport.com/k.htm,"CBS News Poll . Jan. 1-3, 2007. N=993 adults nationwide. Margin of error ± 3.","""Is your opinion of John Kerry favorable, not favorable, undecided, or haven't you heard enough about John Kerry yet to have an opinion?""",CBS News Poll 
"=""12/03""",15,20,28,37,-,,,rv,favorability,http://www.pollingreport.com/k.htm,"CBS News Poll . Jan. 1-3, 2007. N=993 adults nationwide. Margin of error ± 3.","""Is your opinion of John Kerry favorable, not favorable, undecided, or haven't you heard enough about John Kerry yet to have an opinion?""",CBS News Poll 
"=""8/03""",14,13,16,57,-,,,rv,favorability,http://www.pollingreport.com/k.htm,"CBS News Poll . Jan. 1-3, 2007. N=993 adults nationwide. Margin of error ± 3.","""Is your opinion of John Kerry favorable, not favorable, undecided, or haven't you heard enough about John Kerry yet to have an opinion?""",CBS News Poll 






"k.htm | Question 13"
"NBC News/Wall Street Journal Poll conducted by the polling organizations of Peter Hart (D) and Bill McInturff (R). Dec. 8-11, 2006. N=approx. 500 adults nationwide. Margin of error ± 4.4.  "
"Now I'm going to read you the names of several public figures and organizations, and I'd like you to rate your feelings toward each one as either very positive, somewhat positive, neutral, somewhat negative, or very negative. If you don't know the name, please just say so. John Kerry."
date,very positive,somewhat positive,neutral,somewhat negative,very negative,don't know name/ not sure,sample_size,margin_of_error,subpopulation,question_type,url,original,question,pollster
"=""12/8-11/06""",7,20,25,17,27,4,,4,a,thermometer,http://www.pollingreport.com/k.htm,"NBC News/Wall Street Journal Poll conducted by the polling organizations of Peter Hart (D) and Bill McInturff (R). Dec. 8-11, 2006. N=approx. 500 adults nationwide. Margin of error ± 4.4.  ","""Now I'm going to read you the names of several public figures and organizations, and I'd like you to rate your feelings toward each one as either very positive, somewhat positive, neutral, somewhat negative, or very negative. If you don't know the name, please just say so. John Kerry.""",NBC News/Wall Street Journal Poll conducted by the polling organizations of Peter Hart (D) and Bill McInturff (R)
"=""12/9-13/04""",19,24,18,17,21,1,,,,thermometer,http://www.pollingreport.com/k.htm,"NBC News/Wall Street Journal Poll conducted by the polling organizations of Peter Hart (D) and Bill McInturff (R). Dec. 8-11, 2006. N=approx. 500 adults nationwide. Margin of error ± 4.4.  ","""Now I'm going to read you the names of several public figures and organizations, and I'd like you to rate your feelings toward each one as either very positive, somewhat positive, neutral, somewhat negative, or very negative. If you don't know the name, please just say so. John Kerry.""",NBC News/Wall Street Journal Poll conducted by the polling organizations of Peter Hart (D) and Bill McInturff (R)
"=""10/16-18/04""",21,23,12,14,29,1,,,rv,thermometer,http://www.pollingreport.com/k.htm,"NBC News/Wall Street Journal Poll conducted by the polling organizations of Peter Hart (D) and Bill McInturff (R). Dec. 8-11, 2006. N=approx. 500 adults nationwide. Margin of error ± 4.4.  ","""Now I'm going to read you the names of several public figures and organizations, and I'd like you to rate your feelings toward each one as either very positive, somewhat positive, neutral, somewhat negative, or very negative. If you don't know the name, please just say so. John Kerry.""",NBC News/Wall Street Journal Poll conducted by the polling organizations of Peter Hart (D) and Bill McInturff (R)
"=""9/17-19/04""",18,25,14,14,28,1,,,rv,thermometer,http://www.pollingreport.com/k.htm,"NBC News/Wall Street Journal Poll conducted by the polling organizations of Peter Hart (D) and Bill McInturff (R). Dec. 8-11, 2006. N=approx. 500 adults nationwide. Margin of error ± 4.4.  ","""Now I'm going to read you the names of several public figures and organizations, and I'd like you to rate your feelings toward each one as either very positive, somewhat positive, neutral, somewhat negative, or very negative. If you don't know the name, please just say so. John Kerry.""",NBC News/Wall Street Journal Poll conducted by the polling organizations of Peter Hart (D) and Bill McInturff (R)
"=""8/23-25/04""",21,23,14,13,27,2,,,rv,thermometer,http://www.pollingreport.com/k.htm,"NBC News/Wall Street Journal Poll conducted by the polling organizations of Peter Hart (D) and Bill McInturff (R). Dec. 8-11, 2006. N=approx. 500 adults nationwide. Margin of error ± 4.4.  ","""Now I'm going to read you the names of several public figures and organizations, and I'd like you to rate your feelings toward each one as either very positive, somewhat positive, neutral, somewhat negative, or very negative. If you don't know the name, please just say so. John Kerry.""",NBC News/Wall Street Journal Poll conducted by the polling organizations of Peter Hart (D) and Bill McInturff (R)
"=""7/19-21/04""",17,25,21,16,19,2,,,rv,thermometer,http://www.pollingreport.com/k.htm,"NBC News/Wall Street Journal Poll conducted by the polling organizations of Peter Hart (D) and Bill McInturff (R). Dec. 8-11, 2006. N=approx. 500 adults nationwide. Margin of error ± 4.4.  ","""Now I'm going to read you the names of several public figures and organizations, and I'd like you to rate your feelings toward each one as either very positive, somewhat positive, neutral, somewhat negative, or very negative. If you don't know the name, please just say so. John Kerry.""",NBC News/Wall Street Journal Poll conducted by the polling organizations of Peter Hart (D) and Bill McInturff (R)
"=""6/25-28/04""",13,27,21,14,21,4,,,rv,thermometer,http://www.pollingreport.com/k.htm,"NBC News/Wall Street Journal Poll conducted by the polling organizations of Peter Hart (D) and Bill McInturff (R). Dec. 8-11, 2006. N=approx. 500 adults nationwide. Margin of error ± 4.4.  ","""Now I'm going to read you the names of several public figures and organizations, and I'd like you to rate your feelings toward each one as either very positive, somewhat positive, neutral, somewhat negative, or very negative. If you don't know the name, please just say so. John Kerry.""",NBC News/Wall Street Journal Poll conducted by the polling organizations of Peter Hart (D) and Bill McInturff (R)
"=""5/1-3/04""",12,26,19,16,22,5,,,rv,thermometer,http://www.pollingreport.com/k.htm,"NBC News/Wall Street Journal Poll conducted by the polling organizations of Peter Hart (D) and Bill McInturff (R). Dec. 8-11, 2006. N=approx. 500 adults nationwide. Margin of error ± 4.4.  ","""Now I'm going to read you the names of several public figures and organizations, and I'd like you to rate your feelings toward each one as either very positive, somewhat positive, neutral, somewhat negative, or very negative. If you don't know the name, please just say so. John Kerry.""",NBC News/Wall Street Journal Poll conducted by the polling organizations of Peter Hart (D) and Bill McInturff (R)
"=""3/6-8/04""",15,28,20,12,18,6,,,rv,thermometer,http://www.pollingreport.com/k.htm,"NBC News/Wall Street Journal Poll conducted by the polling organizations of Peter Hart (D) and Bill McInturff (R). Dec. 8-11, 2006. N=approx. 500 adults nationwide. Margin of error ± 4.4.  ","""Now I'm going to read you the names of several public figures and organizations, and I'd like you to rate your feelings toward each one as either very positive, somewhat positive, neutral, somewhat negative, or very negative. If you don't know the name, please just say so. John Kerry.""",NBC News/Wall Street Journal Poll conducted by the polling organizations of Peter Hart (D) and Bill McInturff (R)
"=""1/04""",5,17,25,16,10,29,,,,thermometer,http://www.pollingreport.com/k.htm,"NBC News/Wall Street Journal Poll conducted by the polling organizations of Peter Hart (D) and Bill McInturff (R). Dec. 8-11, 2006. N=approx. 500 adults nationwide. Margin of error ± 4.4.  ","""Now I'm going to read you the names of several public figures and organizations, and I'd like you to rate your feelings toward each one as either very positive, somewhat positive, neutral, somewhat negative, or very negative. If you don't know the name, please just say so. John Kerry.""",NBC News/Wall Street Journal Poll conducted by the polling organizations of Peter Hart (D) and Bill McInturff (R)
"=""12/03""",3,18,20,13,11,36,,,,thermometer,http://www.pollingreport.com/k.htm,"NBC News/Wall Street Journal Poll conducted by the polling organizations of Peter Hart (D) and Bill McInturff (R). Dec. 8-11, 2006. N=approx. 500 adults nationwide. Margin of error ± 4.4.  ","""Now I'm going to read you the names of several public figures and organizations, and I'd like you to rate your feelings toward each one as either very positive, somewhat positive, neutral, somewhat negative, or very negative. If you don't know the name, please just say so. John Kerry.""",NBC News/Wall Street Journal Poll conducted by the polling organizations of Peter Hart (D) and Bill McInturff (R)






"k.htm | Question 14"
"Quinnipiac University . Nov. 13-19, 2006. N=1,623 registered voters nationwide. Margin of error ± 2.4."
"I'd like to get your feelings toward some of our political leaders and other people who have been in the news. I'll read the name of a person and I'd like you to rate that person using something called the feeling thermometer. You can choose any number between 0 and 100. The higher the number, the warmer or more favorable you feel toward that person, the lower the number, the colder or less favorable. If we come to a person who you haven't heard enough about to form an opinion, you don't need to rate the person. Just tell me and we'll move on to the next one. How do you feel about
manually enter poll





"k.htm | Question 15"
"Time Poll conducted by Schulman, Ronca & Bucuvalas (SRBI) Public Affairs. July 13-17, 2006. N=1,003 adults nationwide. Margin of error ± 3."
"Looking ahead to the 2008 presidential election, how favorable an impression do you have of each of the following possible candidates: very favorable, somewhat favorable, somewhat unfavorable, very unfavorable? . . . Massachusetts Democratic Senator John Kerry."
date,very favorable,somewhat favorable,somewhat unfavorable,very unfavorable,unsure,sample_size,margin_of_error,subpopulation,question_type,url,original,question,pollster
"=""7/13-17/06""",14,32,19,27,8,1003,3,a,favorability,http://www.pollingreport.com/k.htm,"Time Poll conducted by Schulman, Ronca & Bucuvalas (SRBI) Public Affairs. July 13-17, 2006. N=1,003 adults nationwide. Margin of error ± 3.","""Looking ahead to the 2008 presidential election, how favorable an impression do you have of each of the following possible candidates: very favorable, somewhat favorable, somewhat unfavorable, very unfavorable? . . . Massachusetts Democratic Senator John Kerry.""","Time Poll conducted by Schulman, Ronca & Bucuvalas (SRBI) Public Affairs"
"=""3/22-23/06""",14,30,18,33,5,,,,favorability,http://www.pollingreport.com/k.htm,"Time Poll conducted by Schulman, Ronca & Bucuvalas (SRBI) Public Affairs. July 13-17, 2006. N=1,003 adults nationwide. Margin of error ± 3.","""Looking ahead to the 2008 presidential election, how favorable an impression do you have of each of the following possible candidates: very favorable, somewhat favorable, somewhat unfavorable, very unfavorable? . . . Massachusetts Democratic Senator John Kerry.""","Time Poll conducted by Schulman, Ronca & Bucuvalas (SRBI) Public Affairs"






"k.htm | Question 16"
"Pew Research Center for the People & the Press survey conducted by Princeton Survey Research Associates International. April 7-16, 2006. N=764 adults nationwide. Margin of error ± 4.  "
"Now I'd like your views on some people. Would you say your overall opinion of John Kerry is very favorable, mostly favorable, mostly unfavorable, or very unfavorable?"
date,very favorable,mostly favorable,mostly unfavorable,very unfavorable,never heard of (vol.),can't rate (vol.),sample_size,margin_of_error,subpopulation,question_type,url,original,question,pollster
"=""4/7-16/06""",10,35,24,20,2,9,764,4,a,favorability,http://www.pollingreport.com/k.htm,"Pew Research Center for the People & the Press survey conducted by Princeton Survey Research Associates International. April 7-16, 2006. N=764 adults nationwide. Margin of error ± 4.  ","""Now I'd like your views on some people. Would you say your overall opinion of John Kerry is very favorable, mostly favorable, mostly unfavorable, or very unfavorable?""",Pew Research Center for the People & the Press survey conducted by Princeton Survey Research Associates International
"=""10/12-24/05""",12,34,23,20,2,9,,,,favorability,http://www.pollingreport.com/k.htm,"Pew Research Center for the People & the Press survey conducted by Princeton Survey Research Associates International. April 7-16, 2006. N=764 adults nationwide. Margin of error ± 4.  ","""Now I'd like your views on some people. Would you say your overall opinion of John Kerry is very favorable, mostly favorable, mostly unfavorable, or very unfavorable?""",Pew Research Center for the People & the Press survey conducted by Princeton Survey Research Associates International
"=""3/17-27/05""",13,36,24,17,2,8,,,,favorability,http://www.pollingreport.com/k.htm,"Pew Research Center for the People & the Press survey conducted by Princeton Survey Research Associates International. April 7-16, 2006. N=764 adults nationwide. Margin of error ± 4.  ","""Now I'd like your views on some people. Would you say your overall opinion of John Kerry is very favorable, mostly favorable, mostly unfavorable, or very unfavorable?""",Pew Research Center for the People & the Press survey conducted by Princeton Survey Research Associates International
"=""9/11-14/04""",17,34,21,19,-,9,,,,favorability,http://www.pollingreport.com/k.htm,"Pew Research Center for the People & the Press survey conducted by Princeton Survey Research Associates International. April 7-16, 2006. N=764 adults nationwide. Margin of error ± 4.  ","""Now I'd like your views on some people. Would you say your overall opinion of John Kerry is very favorable, mostly favorable, mostly unfavorable, or very unfavorable?""",Pew Research Center for the People & the Press survey conducted by Princeton Survey Research Associates International
"=""8/5-10/04""",23,33,22,14,1,7,,,,favorability,http://www.pollingreport.com/k.htm,"Pew Research Center for the People & the Press survey conducted by Princeton Survey Research Associates International. April 7-16, 2006. N=764 adults nationwide. Margin of error ± 4.  ","""Now I'd like your views on some people. Would you say your overall opinion of John Kerry is very favorable, mostly favorable, mostly unfavorable, or very unfavorable?""",Pew Research Center for the People & the Press survey conducted by Princeton Survey Research Associates International
"=""6/04""",11,39,25,16,0,9,,,,favorability,http://www.pollingreport.com/k.htm,"Pew Research Center for the People & the Press survey conducted by Princeton Survey Research Associates International. April 7-16, 2006. N=764 adults nationwide. Margin of error ± 4.  ","""Now I'd like your views on some people. Would you say your overall opinion of John Kerry is very favorable, mostly favorable, mostly unfavorable, or very unfavorable?""",Pew Research Center for the People & the Press survey conducted by Princeton Survey Research Associates International
"=""2/04""",14,44,20,8,1,13,,,,favorability,http://www.pollingreport.com/k.htm,"Pew Research Center for the People & the Press survey conducted by Princeton Survey Research Associates International. April 7-16, 2006. N=764 adults nationwide. Margin of error ± 4.  ","""Now I'd like your views on some people. Would you say your overall opinion of John Kerry is very favorable, mostly favorable, mostly unfavorable, or very unfavorable?""",Pew Research Center for the People & the Press survey conducted by Princeton Survey Research Associates International
"=""1/03""",6,24,12,4,36,18,,,,favorability,http://www.pollingreport.com/k.htm,"Pew Research Center for the People & the Press survey conducted by Princeton Survey Research Associates International. April 7-16, 2006. N=764 adults nationwide. Margin of error ± 4.  ","""Now I'd like your views on some people. Would you say your overall opinion of John Kerry is very favorable, mostly favorable, mostly unfavorable, or very unfavorable?""",Pew Research Center for the People & the Press survey conducted by Princeton Survey Research Associates International






"k.htm | Question 17"
"FOX News/Opinion Dynamics Poll. Feb. 7-8, 2006. N=900 registered voters nationwide. Margin of error ± 3.  "
"I'm going to read the names of several individuals or groups. Please tell me whether you have a generally favorable or unfavorable opinion of each. If you've never heard of one, please just say so. John Kerry."
date,favorable,unfavorable,unsure,never heard of,sample_size,margin_of_error,subpopulation,question_type,url,original,question,pollster
"=""2/7-8/06""",42,43,13,2,900,3,rv,favorability,http://www.pollingreport.com/k.htm,"FOX News/Opinion Dynamics Poll. Feb. 7-8, 2006. N=900 registered voters nationwide. Margin of error ± 3.  ","""I'm going to read the names of several individuals or groups. Please tell me whether you have a generally favorable or unfavorable opinion of each. If you've never heard of one, please just say so. John Kerry.""",FOX News/Opinion Dynamics Poll
"=""12/14-15/04""",51,38,11,-,,,,favorability,http://www.pollingreport.com/k.htm,"FOX News/Opinion Dynamics Poll. Feb. 7-8, 2006. N=900 registered voters nationwide. Margin of error ± 3.  ","""I'm going to read the names of several individuals or groups. Please tell me whether you have a generally favorable or unfavorable opinion of each. If you've never heard of one, please just say so. John Kerry.""",FOX News/Opinion Dynamics Poll
"=""9/7-8/04""",46,44,10,-,,,lv,favorability,http://www.pollingreport.com/k.htm,"FOX News/Opinion Dynamics Poll. Feb. 7-8, 2006. N=900 registered voters nationwide. Margin of error ± 3.  ","""I'm going to read the names of several individuals or groups. Please tell me whether you have a generally favorable or unfavorable opinion of each. If you've never heard of one, please just say so. John Kerry.""",FOX News/Opinion Dynamics Poll
"=""8/24-25/04""",48,39,12,1,,,lv,favorability,http://www.pollingreport.com/k.htm,"FOX News/Opinion Dynamics Poll. Feb. 7-8, 2006. N=900 registered voters nationwide. Margin of error ± 3.  ","""I'm going to read the names of several individuals or groups. Please tell me whether you have a generally favorable or unfavorable opinion of each. If you've never heard of one, please just say so. John Kerry.""",FOX News/Opinion Dynamics Poll
"=""8/3-4/04""",52,34,13,1,,,,favorability,http://www.pollingreport.com/k.htm,"FOX News/Opinion Dynamics Poll. Feb. 7-8, 2006. N=900 registered voters nationwide. Margin of error ± 3.  ","""I'm going to read the names of several individuals or groups. Please tell me whether you have a generally favorable or unfavorable opinion of each. If you've never heard of one, please just say so. John Kerry.""",FOX News/Opinion Dynamics Poll
"=""7/20-21/04""",44,39,16,1,,,,favorability,http://www.pollingreport.com/k.htm,"FOX News/Opinion Dynamics Poll. Feb. 7-8, 2006. N=900 registered voters nationwide. Margin of error ± 3.  ","""I'm going to read the names of several individuals or groups. Please tell me whether you have a generally favorable or unfavorable opinion of each. If you've never heard of one, please just say so. John Kerry.""",FOX News/Opinion Dynamics Poll
"=""6/22-23/04""",42,43,13,2,,,,favorability,http://www.pollingreport.com/k.htm,"FOX News/Opinion Dynamics Poll. Feb. 7-8, 2006. N=900 registered voters nationwide. Margin of error ± 3.  ","""I'm going to read the names of several individuals or groups. Please tell me whether you have a generally favorable or unfavorable opinion of each. If you've never heard of one, please just say so. John Kerry.""",FOX News/Opinion Dynamics Poll
"=""6/8-9/04""",44,37,16,3,,,,favorability,http://www.pollingreport.com/k.htm,"FOX News/Opinion Dynamics Poll. Feb. 7-8, 2006. N=900 registered voters nationwide. Margin of error ± 3.  ","""I'm going to read the names of several individuals or groups. Please tell me whether you have a generally favorable or unfavorable opinion of each. If you've never heard of one, please just say so. John Kerry.""",FOX News/Opinion Dynamics Poll
"=""5/4-5/04""",39,40,19,2,,,,favorability,http://www.pollingreport.com/k.htm,"FOX News/Opinion Dynamics Poll. Feb. 7-8, 2006. N=900 registered voters nationwide. Margin of error ± 3.  ","""I'm going to read the names of several individuals or groups. Please tell me whether you have a generally favorable or unfavorable opinion of each. If you've never heard of one, please just say so. John Kerry.""",FOX News/Opinion Dynamics Poll
"=""4/6-7/04""",43,35,19,3,,,,favorability,http://www.pollingreport.com/k.htm,"FOX News/Opinion Dynamics Poll. Feb. 7-8, 2006. N=900 registered voters nationwide. Margin of error ± 3.  ","""I'm going to read the names of several individuals or groups. Please tell me whether you have a generally favorable or unfavorable opinion of each. If you've never heard of one, please just say so. John Kerry.""",FOX News/Opinion Dynamics Poll
"=""3/23-24/04""",43,36,20,1,,,,favorability,http://www.pollingreport.com/k.htm,"FOX News/Opinion Dynamics Poll. Feb. 7-8, 2006. N=900 registered voters nationwide. Margin of error ± 3.  ","""I'm going to read the names of several individuals or groups. Please tell me whether you have a generally favorable or unfavorable opinion of each. If you've never heard of one, please just say so. John Kerry.""",FOX News/Opinion Dynamics Poll
"=""3/3-4/04""",47,28,20,5,,,,favorability,http://www.pollingreport.com/k.htm,"FOX News/Opinion Dynamics Poll. Feb. 7-8, 2006. N=900 registered voters nationwide. Margin of error ± 3.  ","""I'm going to read the names of several individuals or groups. Please tell me whether you have a generally favorable or unfavorable opinion of each. If you've never heard of one, please just say so. John Kerry.""",FOX News/Opinion Dynamics Poll
"=""1/04""",43,24,23,10,,,,favorability,http://www.pollingreport.com/k.htm,"FOX News/Opinion Dynamics Poll. Feb. 7-8, 2006. N=900 registered voters nationwide. Margin of error ± 3.  ","""I'm going to read the names of several individuals or groups. Please tell me whether you have a generally favorable or unfavorable opinion of each. If you've never heard of one, please just say so. John Kerry.""",FOX News/Opinion Dynamics Poll
"=""10/03""",27,26,22,25,,,,favorability,http://www.pollingreport.com/k.htm,"FOX News/Opinion Dynamics Poll. Feb. 7-8, 2006. N=900 registered voters nationwide. Margin of error ± 3.  ","""I'm going to read the names of several individuals or groups. Please tell me whether you have a generally favorable or unfavorable opinion of each. If you've never heard of one, please just say so. John Kerry.""",FOX News/Opinion Dynamics Poll
"=""8/03""",22,21,23,34,,,,favorability,http://www.pollingreport.com/k.htm,"FOX News/Opinion Dynamics Poll. Feb. 7-8, 2006. N=900 registered voters nationwide. Margin of error ± 3.  ","""I'm going to read the names of several individuals or groups. Please tell me whether you have a generally favorable or unfavorable opinion of each. If you've never heard of one, please just say so. John Kerry.""",FOX News/Opinion Dynamics Poll
"=""6/03""",28,19,19,34,,,,favorability,http://www.pollingreport.com/k.htm,"FOX News/Opinion Dynamics Poll. Feb. 7-8, 2006. N=900 registered voters nationwide. Margin of error ± 3.  ","""I'm going to read the names of several individuals or groups. Please tell me whether you have a generally favorable or unfavorable opinion of each. If you've never heard of one, please just say so. John Kerry.""",FOX News/Opinion Dynamics Poll
"=""1/03""",25,16,20,39,,,,favorability,http://www.pollingreport.com/k.htm,"FOX News/Opinion Dynamics Poll. Feb. 7-8, 2006. N=900 registered voters nationwide. Margin of error ± 3.  ","""I'm going to read the names of several individuals or groups. Please tell me whether you have a generally favorable or unfavorable opinion of each. If you've never heard of one, please just say so. John Kerry.""",FOX News/Opinion Dynamics Poll






"k.htm | Question 18"
"Diageo/Hotline Poll conducted by Financial Dynamics. Nov. 11-15, 2005. N=700 registered nationwide. Margin of error ± 3.7."
"Please tell me if you have a favorable or unfavorable opinion of the following public figures. If you haven't heard of them, just tell me and we'll move on. John Kerry."
date,favorable,unfavorable,heard of/ can't rate (vol.),haven't heard of,unsure,sample_size,margin_of_error,subpopulation,question_type,url,original,question,pollster
"=""11/11-15/05""",40,46,9,2,3,700,3,,favorability,http://www.pollingreport.com/k.htm,"Diageo/Hotline Poll conducted by Financial Dynamics. Nov. 11-15, 2005. N=700 registered nationwide. Margin of error ± 3.7.","""Please tell me if you have a favorable or unfavorable opinion of the following public figures. If you haven't heard of them, just tell me and we'll move on. John Kerry.""",Diageo/Hotline Poll conducted by Financial Dynamics






"k.htm | Question 19"
"Time Poll conducted by Schulman, Ronca & Bucuvalas (SRBI) Public Affairs. Oct. 19-21, 2004. N=1,059 registered voters nationwide. Margin of error ± 3."
"Please tell me if you have a favorable or unfavorable opinion of John Kerry. If you don't have an opinion of this candidate, just let me know."
date,favorable,unfavorable,unsure,sample_size,margin_of_error,subpopulation,question_type,url,original,question,pollster
"=""10/19-21/04""",45,42,13,1059,3,rv,favorability,http://www.pollingreport.com/k.htm,"Time Poll conducted by Schulman, Ronca & Bucuvalas (SRBI) Public Affairs. Oct. 19-21, 2004. N=1,059 registered voters nationwide. Margin of error ± 3.","""Please tell me if you have a favorable or unfavorable opinion of John Kerry. If you don't have an opinion of this candidate, just let me know.""","Time Poll conducted by Schulman, Ronca & Bucuvalas (SRBI) Public Affairs"
"=""10/14-15/04""",48,37,14,,,,favorability,http://www.pollingreport.com/k.htm,"Time Poll conducted by Schulman, Ronca & Bucuvalas (SRBI) Public Affairs. Oct. 19-21, 2004. N=1,059 registered voters nationwide. Margin of error ± 3.","""Please tell me if you have a favorable or unfavorable opinion of John Kerry. If you don't have an opinion of this candidate, just let me know.""","Time Poll conducted by Schulman, Ronca & Bucuvalas (SRBI) Public Affairs"
"=""10/6-7/04""",50,34,17,,,,favorability,http://www.pollingreport.com/k.htm,"Time Poll conducted by Schulman, Ronca & Bucuvalas (SRBI) Public Affairs. Oct. 19-21, 2004. N=1,059 registered voters nationwide. Margin of error ± 3.","""Please tell me if you have a favorable or unfavorable opinion of John Kerry. If you don't have an opinion of this candidate, just let me know.""","Time Poll conducted by Schulman, Ronca & Bucuvalas (SRBI) Public Affairs"
"=""9/21-23/04""",42,36,22,,,,favorability,http://www.pollingreport.com/k.htm,"Time Poll conducted by Schulman, Ronca & Bucuvalas (SRBI) Public Affairs. Oct. 19-21, 2004. N=1,059 registered voters nationwide. Margin of error ± 3.","""Please tell me if you have a favorable or unfavorable opinion of John Kerry. If you don't have an opinion of this candidate, just let me know.""","Time Poll conducted by Schulman, Ronca & Bucuvalas (SRBI) Public Affairs"
"=""9/7-9/04""",43,42,15,,,,favorability,http://www.pollingreport.com/k.htm,"Time Poll conducted by Schulman, Ronca & Bucuvalas (SRBI) Public Affairs. Oct. 19-21, 2004. N=1,059 registered voters nationwide. Margin of error ± 3.","""Please tell me if you have a favorable or unfavorable opinion of John Kerry. If you don't have an opinion of this candidate, just let me know.""","Time Poll conducted by Schulman, Ronca & Bucuvalas (SRBI) Public Affairs"
"=""8/31 - 9/2/04""",43,36,21,,,,favorability,http://www.pollingreport.com/k.htm,"Time Poll conducted by Schulman, Ronca & Bucuvalas (SRBI) Public Affairs. Oct. 19-21, 2004. N=1,059 registered voters nationwide. Margin of error ± 3.","""Please tell me if you have a favorable or unfavorable opinion of John Kerry. If you don't have an opinion of this candidate, just let me know.""","Time Poll conducted by Schulman, Ronca & Bucuvalas (SRBI) Public Affairs"
"=""8/24-26/04""",44,33,23,,,,favorability,http://www.pollingreport.com/k.htm,"Time Poll conducted by Schulman, Ronca & Bucuvalas (SRBI) Public Affairs. Oct. 19-21, 2004. N=1,059 registered voters nationwide. Margin of error ± 3.","""Please tell me if you have a favorable or unfavorable opinion of John Kerry. If you don't have an opinion of this candidate, just let me know.""","Time Poll conducted by Schulman, Ronca & Bucuvalas (SRBI) Public Affairs"
"=""8/3-5/04""",53,29,19,,,,favorability,http://www.pollingreport.com/k.htm,"Time Poll conducted by Schulman, Ronca & Bucuvalas (SRBI) Public Affairs. Oct. 19-21, 2004. N=1,059 registered voters nationwide. Margin of error ± 3.","""Please tell me if you have a favorable or unfavorable opinion of John Kerry. If you don't have an opinion of this candidate, just let me know.""","Time Poll conducted by Schulman, Ronca & Bucuvalas (SRBI) Public Affairs"
"=""7/20-22/04""",47,29,24,,,,favorability,http://www.pollingreport.com/k.htm,"Time Poll conducted by Schulman, Ronca & Bucuvalas (SRBI) Public Affairs. Oct. 19-21, 2004. N=1,059 registered voters nationwide. Margin of error ± 3.","""Please tell me if you have a favorable or unfavorable opinion of John Kerry. If you don't have an opinion of this candidate, just let me know.""","Time Poll conducted by Schulman, Ronca & Bucuvalas (SRBI) Public Affairs"






"k.htm | Question 20"
"Newsweek Poll conducted by Princeton Survey Research Associates International. Oct. 14-15, 2004. N=1,004 registered voters nationwide. Margin of error ± 4."
"Next, please tell me if you have a favorable or unfavorable opinion of the following people in politics. If I mention someone you had never heard of before this interview, just tell me.
manually enter poll





"k.htm | Question 21"
"University of Pennsylvania National Annenberg Election Survey. Oct. 1-6, 2004. N=1,868 registered voters nationwide. Margin of error ± 2. Interviewing conducted by Schulman, Ronca, Bucuvalas, Inc.   "
"Please tell me if your opinion is favorable or unfavorable, using a scale from 0 to 10. Zero means very unfavorable, and 10 means very favorable. Five means you do not feel favorable or unfavorable toward that person. Of course you can use any number between 0 and 10. The person is John Kerry. On a scale of 0 to 10, how would you rate John Kerry?"
manually enter poll





"k.htm | Question 22"
"ABC News/Washington Post Poll. Oct. 2-4, 2004. N=1,160 likely voters nationwide. Margin of error ± 3."
"Regardless of how you might vote, please tell me if you have a favorable or unfavorable impression of
manually enter poll





"k.htm | Question 23"
"Zogby America Poll. Aug. 30-Sept. 2, 2004. N=1,001 likely voters nationwide. Margin of error ± 3.2."
"Please tell me if your overall opinion of John Kerry is very favorable, somewhat favorable, somewhat unfavorable, very unfavorable, or you are not familiar enough to form an opinion."
date,favorable,unfavorable,not familiar/ not sure,sample_size,margin_of_error,subpopulation,question_type,url,original,question,pollster
"=""8/30 - 9/2/04""",53,42,5,1001,3,lv,favorability,http://www.pollingreport.com/k.htm,"Zogby America Poll. Aug. 30-Sept. 2, 2004. N=1,001 likely voters nationwide. Margin of error ± 3.2.","""Please tell me if your overall opinion of John Kerry is very favorable, somewhat favorable, somewhat unfavorable, very unfavorable, or you are not familiar enough to form an opinion.""",Zogby America Poll
"=""8/12-14/04""",57,40,3,,,,favorability,http://www.pollingreport.com/k.htm,"Zogby America Poll. Aug. 30-Sept. 2, 2004. N=1,001 likely voters nationwide. Margin of error ± 3.2.","""Please tell me if your overall opinion of John Kerry is very favorable, somewhat favorable, somewhat unfavorable, very unfavorable, or you are not familiar enough to form an opinion.""",Zogby America Poll
"=""7/26-29/04""",56,38,6,,,,favorability,http://www.pollingreport.com/k.htm,"Zogby America Poll. Aug. 30-Sept. 2, 2004. N=1,001 likely voters nationwide. Margin of error ± 3.2.","""Please tell me if your overall opinion of John Kerry is very favorable, somewhat favorable, somewhat unfavorable, very unfavorable, or you are not familiar enough to form an opinion.""",Zogby America Poll
"=""7/6-7/04""",54,41,4,,,,favorability,http://www.pollingreport.com/k.htm,"Zogby America Poll. Aug. 30-Sept. 2, 2004. N=1,001 likely voters nationwide. Margin of error ± 3.2.","""Please tell me if your overall opinion of John Kerry is very favorable, somewhat favorable, somewhat unfavorable, very unfavorable, or you are not familiar enough to form an opinion.""",Zogby America Poll
"=""5/10-13/04""",55,38,8,,,,favorability,http://www.pollingreport.com/k.htm,"Zogby America Poll. Aug. 30-Sept. 2, 2004. N=1,001 likely voters nationwide. Margin of error ± 3.2.","""Please tell me if your overall opinion of John Kerry is very favorable, somewhat favorable, somewhat unfavorable, very unfavorable, or you are not familiar enough to form an opinion.""",Zogby America Poll
"=""4/15-17/04""",50,40,11,,,,favorability,http://www.pollingreport.com/k.htm,"Zogby America Poll. Aug. 30-Sept. 2, 2004. N=1,001 likely voters nationwide. Margin of error ± 3.2.","""Please tell me if your overall opinion of John Kerry is very favorable, somewhat favorable, somewhat unfavorable, very unfavorable, or you are not familiar enough to form an opinion.""",Zogby America Poll
"=""4/1-4/04""",56,36,8,,,,favorability,http://www.pollingreport.com/k.htm,"Zogby America Poll. Aug. 30-Sept. 2, 2004. N=1,001 likely voters nationwide. Margin of error ± 3.2.","""Please tell me if your overall opinion of John Kerry is very favorable, somewhat favorable, somewhat unfavorable, very unfavorable, or you are not familiar enough to form an opinion.""",Zogby America Poll
"=""1/03""",37,14,49,,,,favorability,http://www.pollingreport.com/k.htm,"Zogby America Poll. Aug. 30-Sept. 2, 2004. N=1,001 likely voters nationwide. Margin of error ± 3.2.","""Please tell me if your overall opinion of John Kerry is very favorable, somewhat favorable, somewhat unfavorable, very unfavorable, or you are not familiar enough to form an opinion.""",Zogby America Poll






"k.htm | Question 24"
"Los Angeles Times Poll. Aug. 21-24, 2004. N=1,352 registered voters nationwide. Margin of error ± 3."
"What is your impression of John Kerry? As of today, is it very favorable, somewhat favorable, somewhat unfavorable, very unfavorable or haven't you heard enough about him to say?"
manually enter poll





"k.htm | Question 25"
"Quinnipiac University . July 18-22, 2004. N=1,551 registered voters nationwide. Margin of error ± 2.5. "
"Is your opinion of
date,favorable,unfavorable,mixed,haven't heard enough,refused,sample_size,margin_of_error,subpopulation,question_type,url,original,question,pollster
"=""7/18-22/04""",31,29,26,13,1,1551,2,rv,favorability,http://www.pollingreport.com/k.htm,"Quinnipiac University . July 18-22, 2004. N=1,551 registered voters nationwide. Margin of error ± 2.5. ","""Is your opinion of",Quinnipiac University 
"=""5/18-24/04""",26,29,29,16,1,,,,favorability,http://www.pollingreport.com/k.htm,"Quinnipiac University . July 18-22, 2004. N=1,551 registered voters nationwide. Margin of error ± 2.5. ","""Is your opinion of",Quinnipiac University 
"=""4/26 - 5/3/04""",27,29,27,15,1,,,,favorability,http://www.pollingreport.com/k.htm,"Quinnipiac University . July 18-22, 2004. N=1,551 registered voters nationwide. Margin of error ± 2.5. ","""Is your opinion of",Quinnipiac University 
"=""3/16-22/04""",30,27,23,19,1,,,,favorability,http://www.pollingreport.com/k.htm,"Quinnipiac University . July 18-22, 2004. N=1,551 registered voters nationwide. Margin of error ± 2.5. ","""Is your opinion of",Quinnipiac University 






"k.htm | Question 26"
"Time/CNN Poll conducted by Harris Interactive. Feb. 19-20, 2003. N=629 Democrats and independents who lean Democratic nationwide. "
"Next, I'm going to read you the names of some people in the news today. Please tell me whether you have generally favorable or generally unfavorable impressions of each, or whether you are not familiar enough to say one way or another. Massachusetts Senator John Kerry."
date,favorable,unfavorable,not familiar,not sure,sample_size,margin_of_error,subpopulation,question_type,url,original,question,pollster
"=""2/03""",34,10,53,3,629,,,favorability,http://www.pollingreport.com/k.htm,"Time/CNN Poll conducted by Harris Interactive. Feb. 19-20, 2003. N=629 Democrats and independents who lean Democratic nationwide. ","""Next, I'm going to read you the names of some people in the news today. Please tell me whether you have generally favorable or generally unfavorable impressions of each, or whether you are not familiar enough to say one way or another. Massachusetts Senator John Kerry.""",Time/CNN Poll conducted by Harris Interactive
"=""11/02""",31,7,59,3,,,,favorability,http://www.pollingreport.com/k.htm,"Time/CNN Poll conducted by Harris Interactive. Feb. 19-20, 2003. N=629 Democrats and independents who lean Democratic nationwide. ","""Next, I'm going to read you the names of some people in the news today. Please tell me whether you have generally favorable or generally unfavorable impressions of each, or whether you are not familiar enough to say one way or another. Massachusetts Senator John Kerry.""",Time/CNN Poll conducted by Harris Interactive






"k.htm | Question 27"
"Pew Research Center for the People & the Press survey conducted by Princeton Survey Research Associates International. Aug. 5-10, 2004. N=739 adults nationwide. Margin of error ± 4.  "
"Now I'd like your views on some people and organizations. Would you say your overall opinion of Teresa Heinz Kerry is very favorable, mostly favorable, mostly unfavorable, or very unfavorable?"
date,very favorable,mostly favorable,mostly unfavorable,very unfavorable,never heard of,can't rate (vol.),sample_size,margin_of_error,subpopulation,question_type,url,original,question,pollster
"=""8/5-10/04""",15,28,17,13,8,19,739,4,a,favorability,http://www.pollingreport.com/k.htm,"Pew Research Center for the People & the Press survey conducted by Princeton Survey Research Associates International. Aug. 5-10, 2004. N=739 adults nationwide. Margin of error ± 4.  ","""Now I'd like your views on some people and organizations. Would you say your overall opinion of Teresa Heinz Kerry is very favorable, mostly favorable, mostly unfavorable, or very unfavorable?""",Pew Research Center for the People & the Press survey conducted by Princeton Survey Research Associates International






"k.htm | Question 28"
"ABC News/Washington Post Poll. July 30-Aug. 1, 2004. N=940 registered voters nationwide. Margin of error ± 3."
"Regardless of how you might vote, please tell me if you have a favorable or unfavorable impression of
date,favorable,unfavorable,no opinion,sample_size,margin_of_error,subpopulation,question_type,url,original,question,pollster
"=""7/30 - 8/1/04""",34,24,42,940,3,rv,favorability,http://www.pollingreport.com/k.htm,"ABC News/Washington Post Poll. July 30-Aug. 1, 2004. N=940 registered voters nationwide. Margin of error ± 3.","""Regardless of how you might vote, please tell me if you have a favorable or unfavorable impression of",ABC News/Washington Post Poll
"=""7/22-25/04""",27,26,47,,,,favorability,http://www.pollingreport.com/k.htm,"ABC News/Washington Post Poll. July 30-Aug. 1, 2004. N=940 registered voters nationwide. Margin of error ± 3.","""Regardless of how you might vote, please tell me if you have a favorable or unfavorable impression of",ABC News/Washington Post Poll






"k.htm | Question 29"
"CBS News Poll. July 30-Aug. 1, 2004. N=881 registered voters nationwide. Margin of error ± 3."
"Is your opinion of
date,favorable,not favorable,undecided,haven't heard enough,don't know/ no answer,sample_size,margin_of_error,subpopulation,question_type,url,original,question,pollster
"=""7/30 - 8/1/04""",26,23,12,38,1,881,3,rv,favorability,http://www.pollingreport.com/k.htm,"CBS News Poll. July 30-Aug. 1, 2004. N=881 registered voters nationwide. Margin of error ± 3.","""Is your opinion of",CBS News Poll






"k.htm | Question 30"
"CNN/USA Today/ Gallup Poll. July 30-31, 2004. N=1,011 adults nationwide. Margin of error ± 3."
"We'd like to get your overall opinion of some people in the news. As I read each name, please say if you have a favorable or unfavorable opinion of these people -- or if you have never heard of them. How about Teresa Heinz Kerry."
date,favorable,unfavorable,never heard of,no opinion,sample_size,margin_of_error,subpopulation,question_type,url,original,question,pollster
"=""7/30-31/04""",44,30,11,15,1011,3,a,favorability,http://www.pollingreport.com/k.htm,"CNN/USA Today/ Gallup Poll. July 30-31, 2004. N=1,011 adults nationwide. Margin of error ± 3.","""We'd like to get your overall opinion of some people in the news. As I read each name, please say if you have a favorable or unfavorable opinion of these people -- or if you have never heard of them. How about Teresa Heinz Kerry.""",CNN/USA Today/ Gallup Poll
"=""7/19-21/04""",31,19,23,27,,,,favorability,http://www.pollingreport.com/k.htm,"CNN/USA Today/ Gallup Poll. July 30-31, 2004. N=1,011 adults nationwide. Margin of error ± 3.","""We'd like to get your overall opinion of some people in the news. As I read each name, please say if you have a favorable or unfavorable opinion of these people -- or if you have never heard of them. How about Teresa Heinz Kerry.""",CNN/USA Today/ Gallup Poll
"=""4/16-18/04""",23,16,28,33,,,,favorability,http://www.pollingreport.com/k.htm,"CNN/USA Today/ Gallup Poll. July 30-31, 2004. N=1,011 adults nationwide. Margin of error ± 3.","""We'd like to get your overall opinion of some people in the news. As I read each name, please say if you have a favorable or unfavorable opinion of these people -- or if you have never heard of them. How about Teresa Heinz Kerry.""",CNN/USA Today/ Gallup Poll






"k.htm | Question 31"
"Time Poll conducted by Schulman, Ronca & Bucuvalas (SRBI) Public Affairs. July 20-22, 2004. N=1,000 registered voters nationwide. Margin of error ± 3."
"Turning to the presidential candidates' wives, do you have a favorable or unfavorable opinion of Teresa Heinz Kerry? Again, if you dont have an opinion, just let me know."
date,favorable,unfavorable,unsure,sample_size,margin_of_error,subpopulation,question_type,url,original,question,pollster
"=""7/20-22/04""",21,12,68,1000,3,rv,favorability,http://www.pollingreport.com/k.htm,"Time Poll conducted by Schulman, Ronca & Bucuvalas (SRBI) Public Affairs. July 20-22, 2004. N=1,000 registered voters nationwide. Margin of error ± 3.","""Turning to the presidential candidates' wives, do you have a favorable or unfavorable opinion of Teresa Heinz Kerry? Again, if you dont have an opinion, just let me know.""","Time Poll conducted by Schulman, Ronca & Bucuvalas (SRBI) Public Affairs"






"k.htm | Question 32"
"CNN/Opinion Research Corporation Poll. July 31-Aug. 3, 2009. N=1,136 adults nationwide. Margin of error ± 3."
"We'd like to get your overall opinion of some people in the news. As I read each name, please say if you have a favorable or unfavorable opinion of these people -- or if you have never heard of them.
date,favorable,unfavorable,never heard of,unsure,sample_size,margin_of_error,subpopulation,question_type,url,original,question,pollster
"=""7/31 - 8/3/09""",51,35,3,11,1136,3,a,favorability,http://www.pollingreport.com/k.htm,"CNN/Opinion Research Corporation Poll. July 31-Aug. 3, 2009. N=1,136 adults nationwide. Margin of error ± 3.","""We'd like to get your overall opinion of some people in the news. As I read each name, please say if you have a favorable or unfavorable opinion of these people -- or if you have never heard of them.",CNN/Opinion Research Corporation Poll
"=""2/18-19/09""",53,36,4,7,,,,favorability,http://www.pollingreport.com/k.htm,"CNN/Opinion Research Corporation Poll. July 31-Aug. 3, 2009. N=1,136 adults nationwide. Margin of error ± 3.","""We'd like to get your overall opinion of some people in the news. As I read each name, please say if you have a favorable or unfavorable opinion of these people -- or if you have never heard of them.",CNN/Opinion Research Corporation Poll
"=""8/23-24/08""",56,35,2,7,,,rv,favorability,http://www.pollingreport.com/k.htm,"CNN/Opinion Research Corporation Poll. July 31-Aug. 3, 2009. N=1,136 adults nationwide. Margin of error ± 3.","""We'd like to get your overall opinion of some people in the news. As I read each name, please say if you have a favorable or unfavorable opinion of these people -- or if you have never heard of them.",CNN/Opinion Research Corporation Poll
"=""2/1-3/08""",47,41,4,7,,,,favorability,http://www.pollingreport.com/k.htm,"CNN/Opinion Research Corporation Poll. July 31-Aug. 3, 2009. N=1,136 adults nationwide. Margin of error ± 3.","""We'd like to get your overall opinion of some people in the news. As I read each name, please say if you have a favorable or unfavorable opinion of these people -- or if you have never heard of them.",CNN/Opinion Research Corporation Poll
"=""4/21-23/06""",44,40,3,11,,,,favorability,http://www.pollingreport.com/k.htm,"CNN/Opinion Research Corporation Poll. July 31-Aug. 3, 2009. N=1,136 adults nationwide. Margin of error ± 3.","""We'd like to get your overall opinion of some people in the news. As I read each name, please say if you have a favorable or unfavorable opinion of these people -- or if you have never heard of them.",CNN/Opinion Research Corporation Poll






"k.htm | Question 33"
"NBC News/Wall Street Journal Poll conducted by the polling organizations of Peter Hart (D) and Neil Newhouse (R). June 6-9, 2008. N=500 registered voters nationwide."
"Now I'm going to read you the names of several public figures and organizations, and I'd like you to rate your feelings toward each one as either very positive, somewhat positive, neutral, somewhat negative, or very negative. If you don't know the name, please just say so.
date,very positive,somewhat positive,neutral,somewhat negative,very negative,don't know/ unsure,sample_size,margin_of_error,subpopulation,question_type,url,original,question,pollster
"=""6/6-9/08""",16,24,25,14,18,3,500,,rv,thermometer,http://www.pollingreport.com/k.htm,"NBC News/Wall Street Journal Poll conducted by the polling organizations of Peter Hart (D) and Neil Newhouse (R). June 6-9, 2008. N=500 registered voters nationwide.","""Now I'm going to read you the names of several public figures and organizations, and I'd like you to rate your feelings toward each one as either very positive, somewhat positive, neutral, somewhat negative, or very negative. If you don't know the name, please just say so.",NBC News/Wall Street Journal Poll conducted by the polling organizations of Peter Hart (D) and Neil Newhouse (R)
"=""7/24-26/99""",18,25,27,13,13,4,,,,thermometer,http://www.pollingreport.com/k.htm,"NBC News/Wall Street Journal Poll conducted by the polling organizations of Peter Hart (D) and Neil Newhouse (R). June 6-9, 2008. N=500 registered voters nationwide.","""Now I'm going to read you the names of several public figures and organizations, and I'd like you to rate your feelings toward each one as either very positive, somewhat positive, neutral, somewhat negative, or very negative. If you don't know the name, please just say so.",NBC News/Wall Street Journal Poll conducted by the polling organizations of Peter Hart (D) and Neil Newhouse (R)
"=""10/97""",6,14,28,18,29,5,,,,thermometer,http://www.pollingreport.com/k.htm,"NBC News/Wall Street Journal Poll conducted by the polling organizations of Peter Hart (D) and Neil Newhouse (R). June 6-9, 2008. N=500 registered voters nationwide.","""Now I'm going to read you the names of several public figures and organizations, and I'd like you to rate your feelings toward each one as either very positive, somewhat positive, neutral, somewhat negative, or very negative. If you don't know the name, please just say so.",NBC News/Wall Street Journal Poll conducted by the polling organizations of Peter Hart (D) and Neil Newhouse (R)
"=""5/91""",8,18,21,22,27,4,,,,thermometer,http://www.pollingreport.com/k.htm,"NBC News/Wall Street Journal Poll conducted by the polling organizations of Peter Hart (D) and Neil Newhouse (R). June 6-9, 2008. N=500 registered voters nationwide.","""Now I'm going to read you the names of several public figures and organizations, and I'd like you to rate your feelings toward each one as either very positive, somewhat positive, neutral, somewhat negative, or very negative. If you don't know the name, please just say so.",NBC News/Wall Street Journal Poll conducted by the polling organizations of Peter Hart (D) and Neil Newhouse (R)






"k.htm | Question 34"
"USA Today/Gallup Poll. Jan. 30-Feb. 2, 2008. N=2,020 adults nationwide. Margin of error ± 2."
"I'm going to read the names of some prominent people. Please tell me whether you have a generally favorable or unfavorable opinion of each one. If you've never heard of someone, please just say so. Ted Kennedy."
date,favorable,unfavorable,never heard of,no opinion,sample_size,margin_of_error,subpopulation,question_type,url,original,question,pollster
"=""1/30 - 2/2/08""",40,48,3,8,2020,2,a,favorability,http://www.pollingreport.com/k.htm,"USA Today/Gallup Poll. Jan. 30-Feb. 2, 2008. N=2,020 adults nationwide. Margin of error ± 2.","""I'm going to read the names of some prominent people. Please tell me whether you have a generally favorable or unfavorable opinion of each one. If you've never heard of someone, please just say so. Ted Kennedy.""",USA Today/Gallup Poll
"=""7/22-24/05""",48,38,6,8,,,,favorability,http://www.pollingreport.com/k.htm,"USA Today/Gallup Poll. Jan. 30-Feb. 2, 2008. N=2,020 adults nationwide. Margin of error ± 2.","""I'm going to read the names of some prominent people. Please tell me whether you have a generally favorable or unfavorable opinion of each one. If you've never heard of someone, please just say so. Ted Kennedy.""",USA Today/Gallup Poll
"=""7/19-21/04""",50,39,3,8,,,,favorability,http://www.pollingreport.com/k.htm,"USA Today/Gallup Poll. Jan. 30-Feb. 2, 2008. N=2,020 adults nationwide. Margin of error ± 2.","""I'm going to read the names of some prominent people. Please tell me whether you have a generally favorable or unfavorable opinion of each one. If you've never heard of someone, please just say so. Ted Kennedy.""",USA Today/Gallup Poll
"=""3/26-28/04""",42,47,3,8,,,,favorability,http://www.pollingreport.com/k.htm,"USA Today/Gallup Poll. Jan. 30-Feb. 2, 2008. N=2,020 adults nationwide. Margin of error ± 2.","""I'm going to read the names of some prominent people. Please tell me whether you have a generally favorable or unfavorable opinion of each one. If you've never heard of someone, please just say so. Ted Kennedy.""",USA Today/Gallup Poll
"=""6/27-29/03""",44,44,4,8,,,,favorability,http://www.pollingreport.com/k.htm,"USA Today/Gallup Poll. Jan. 30-Feb. 2, 2008. N=2,020 adults nationwide. Margin of error ± 2.","""I'm going to read the names of some prominent people. Please tell me whether you have a generally favorable or unfavorable opinion of each one. If you've never heard of someone, please just say so. Ted Kennedy.""",USA Today/Gallup Poll
"=""1/31 - 2/2/03""",45,42,3,10,,,,favorability,http://www.pollingreport.com/k.htm,"USA Today/Gallup Poll. Jan. 30-Feb. 2, 2008. N=2,020 adults nationwide. Margin of error ± 2.","""I'm going to read the names of some prominent people. Please tell me whether you have a generally favorable or unfavorable opinion of each one. If you've never heard of someone, please just say so. Ted Kennedy.""",USA Today/Gallup Poll






"k.htm | Question 35"
"FOX News/Opinion Dynamics Poll. Jan. 21-22, 2004. N=900 registered voters nationwide. Margin of error ± 3.  "
"I'm going to read the names of some people and groups. Please tell me whether you have a generally favorable or unfavorable opinion of each. If you've never heard of one, please just say so. Ted Kennedy."
date,favorable,unfavorable,can't say (vol.),never heard of,sample_size,margin_of_error,subpopulation,question_type,url,original,question,pollster
"=""1/21-22/04""",42,44,12,2,900,3,rv,favorability,http://www.pollingreport.com/k.htm,"FOX News/Opinion Dynamics Poll. Jan. 21-22, 2004. N=900 registered voters nationwide. Margin of error ± 3.  ","""I'm going to read the names of some people and groups. Please tell me whether you have a generally favorable or unfavorable opinion of each. If you've never heard of one, please just say so. Ted Kennedy.""",FOX News/Opinion Dynamics Poll
"=""9/03""",42,42,13,3,,,,favorability,http://www.pollingreport.com/k.htm,"FOX News/Opinion Dynamics Poll. Jan. 21-22, 2004. N=900 registered voters nationwide. Margin of error ± 3.  ","""I'm going to read the names of some people and groups. Please tell me whether you have a generally favorable or unfavorable opinion of each. If you've never heard of one, please just say so. Ted Kennedy.""",FOX News/Opinion Dynamics Poll






"k.htm | Question 36"
"CBS News Poll . Jan. 1-3, 2007. N=993 adults nationwide. Margin of error ± 3 ."
"Is your opinion of Dennis Kucinich favorable, not favorable, undecided, or haven't you heard enough about Dennis Kucinich yet to have an opinion?"
date,favorable,not favorable,undecided,haven't heard enough,sample_size,margin_of_error,subpopulation,question_type,url,original,question,pollster
"=""1/1-3/07""",4,11,12,73,993,3,a,favorability,http://www.pollingreport.com/k.htm,"CBS News Poll . Jan. 1-3, 2007. N=993 adults nationwide. Margin of error ± 3 .","""Is your opinion of Dennis Kucinich favorable, not favorable, undecided, or haven't you heard enough about Dennis Kucinich yet to have an opinion?""",CBS News Poll 






"k.htm | Question 37"
"FOX News/Opinion Dynamics Poll. Aug. 12-13, 2003. N=900 registered voters nationwide. Margin of error ± 3. "
"I'm going to read the names of some people. Please tell me whether you have a generally favorable or unfavorable opinion of each. If you've never heard of one, please just say so. Dennis Kucinich."
date,favorable,unfavorable,can't say (vol.),never heard of,sample_size,margin_of_error,subpopulation,question_type,url,original,question,pollster
"=""8/03""",6,12,15,67,900,3,rv,favorability,http://www.pollingreport.com/k.htm,"FOX News/Opinion Dynamics Poll. Aug. 12-13, 2003. N=900 registered voters nationwide. Margin of error ± 3. ","""I'm going to read the names of some people. Please tell me whether you have a generally favorable or unfavorable opinion of each. If you've never heard of one, please just say so. Dennis Kucinich.""",FOX News/Opinion Dynamics Poll
"=""6/03""",8,9,13,70,,,,favorability,http://www.pollingreport.com/k.htm,"FOX News/Opinion Dynamics Poll. Aug. 12-13, 2003. N=900 registered voters nationwide. Margin of error ± 3. ","""I'm going to read the names of some people. Please tell me whether you have a generally favorable or unfavorable opinion of each. If you've never heard of one, please just say so. Dennis Kucinich.""",FOX News/Opinion Dynamics Poll






"k.htm | Question 38"
"Time/CNN Poll conducted by Harris Interactive. Feb. 19-20, 2003. N=629 Democrats and independents who lean Democratic nationwide. "
"Next, I'm going to read you the names of some people in the news today. Please tell me whether you have generally favorable or generally unfavorable impressions of each, or whether you are not familiar enough to say one way or another. Ohio Congressman Dennis Kucinich."
date,favorable,unfavorable,not familiar,not sure,sample_size,margin_of_error,subpopulation,question_type,url,original,question,pollster
"=""2/03""",11,10,77,2,629,,,favorability,http://www.pollingreport.com/k.htm,"Time/CNN Poll conducted by Harris Interactive. Feb. 19-20, 2003. N=629 Democrats and independents who lean Democratic nationwide. ","""Next, I'm going to read you the names of some people in the news today. Please tell me whether you have generally favorable or generally unfavorable impressions of each, or whether you are not familiar enough to say one way or another. Ohio Congressman Dennis Kucinich.""",Time/CNN Poll conducted by Harris Interactive






