"r.htm | Question 0"
"Pew Research Center/USA Today. Dec. 3-7, 2014. N=1,507 adults nationwide. Margin of error ± 2.9."
"Is your overall opinion of Harry Reid very favorable, mostly favorable, mostly UNfavorable, or very unfavorable?"
date,favorable,unfavorable,never heard of (vol.),can't rate (vol.)/refused,sample_size,margin_of_error,subpopulation,question_type,url,original,question,pollster
"=""12/3-7/14""",20,41,25,14,1507,2,a,favorability,http://www.pollingreport.com/r.htm,"Pew Research Center/USA Today. Dec. 3-7, 2014. N=1,507 adults nationwide. Margin of error ± 2.9.","""Is your overall opinion of Harry Reid very favorable, mostly favorable, mostly UNfavorable, or very unfavorable?""",Pew Research Center/USA Today
"=""10/9-13/13""",27,39,21,13,,,,favorability,http://www.pollingreport.com/r.htm,"Pew Research Center/USA Today. Dec. 3-7, 2014. N=1,507 adults nationwide. Margin of error ± 2.9.","""Is your overall opinion of Harry Reid very favorable, mostly favorable, mostly UNfavorable, or very unfavorable?""",Pew Research Center/USA Today
"=""1/9-13/13""",21,34,28,17,,,,favorability,http://www.pollingreport.com/r.htm,"Pew Research Center/USA Today. Dec. 3-7, 2014. N=1,507 adults nationwide. Margin of error ± 2.9.","""Is your overall opinion of Harry Reid very favorable, mostly favorable, mostly UNfavorable, or very unfavorable?""",Pew Research Center/USA Today
"=""12/5-9/12""",23,37,27,12,,,,favorability,http://www.pollingreport.com/r.htm,"Pew Research Center/USA Today. Dec. 3-7, 2014. N=1,507 adults nationwide. Margin of error ± 2.9.","""Is your overall opinion of Harry Reid very favorable, mostly favorable, mostly UNfavorable, or very unfavorable?""",Pew Research Center/USA Today
"=""1/11-16/12""",18,38,28,16,,,,favorability,http://www.pollingreport.com/r.htm,"Pew Research Center/USA Today. Dec. 3-7, 2014. N=1,507 adults nationwide. Margin of error ± 2.9.","""Is your overall opinion of Harry Reid very favorable, mostly favorable, mostly UNfavorable, or very unfavorable?""",Pew Research Center/USA Today
"=""12/2-5/10""",23,39,26,12,,,,favorability,http://www.pollingreport.com/r.htm,"Pew Research Center/USA Today. Dec. 3-7, 2014. N=1,507 adults nationwide. Margin of error ± 2.9.","""Is your overall opinion of Harry Reid very favorable, mostly favorable, mostly UNfavorable, or very unfavorable?""",Pew Research Center/USA Today






"r.htm | Question 1"
"CNN/ORC Poll. Nov. 21-23, 2014. N=1,045 adults nationwide. Margin of error ± 3."
"We'd like to get your overall opinion of some people in the news. As I read each name, please say if you have a favorable or unfavorable opinion of these people -- or if you have never heard of them. Senate Democratic Leader Harry Reid."
date,favorable,unfavorable,never heard of,unsure,sample_size,margin_of_error,subpopulation,question_type,url,original,question,pollster
"=""11/21-23/14""",26,39,22,13,1045,3,a,favorability,http://www.pollingreport.com/r.htm,"CNN/ORC Poll. Nov. 21-23, 2014. N=1,045 adults nationwide. Margin of error ± 3.","""We'd like to get your overall opinion of some people in the news. As I read each name, please say if you have a favorable or unfavorable opinion of these people -- or if you have never heard of them. Senate Democratic Leader Harry Reid.""",CNN/ORC Poll
"=""10/18-20/13""",30,40,18,12,,,,favorability,http://www.pollingreport.com/r.htm,"CNN/ORC Poll. Nov. 21-23, 2014. N=1,045 adults nationwide. Margin of error ± 3.","""We'd like to get your overall opinion of some people in the news. As I read each name, please say if you have a favorable or unfavorable opinion of these people -- or if you have never heard of them. Senate Democratic Leader Harry Reid.""",CNN/ORC Poll
"=""9/27-29/13""",30,45,16,9,,,,favorability,http://www.pollingreport.com/r.htm,"CNN/ORC Poll. Nov. 21-23, 2014. N=1,045 adults nationwide. Margin of error ± 3.","""We'd like to get your overall opinion of some people in the news. As I read each name, please say if you have a favorable or unfavorable opinion of these people -- or if you have never heard of them. Senate Democratic Leader Harry Reid.""",CNN/ORC Poll
"=""3/15-17/13""",23,38,27,12,,,,favorability,http://www.pollingreport.com/r.htm,"CNN/ORC Poll. Nov. 21-23, 2014. N=1,045 adults nationwide. Margin of error ± 3.","""We'd like to get your overall opinion of some people in the news. As I read each name, please say if you have a favorable or unfavorable opinion of these people -- or if you have never heard of them. Senate Democratic Leader Harry Reid.""",CNN/ORC Poll
"=""11/16-18/12""",30,34,24,12,,,,favorability,http://www.pollingreport.com/r.htm,"CNN/ORC Poll. Nov. 21-23, 2014. N=1,045 adults nationwide. Margin of error ± 3.","""We'd like to get your overall opinion of some people in the news. As I read each name, please say if you have a favorable or unfavorable opinion of these people -- or if you have never heard of them. Senate Democratic Leader Harry Reid.""",CNN/ORC Poll
"=""8/7-8/12""",30,36,21,13,,,,favorability,http://www.pollingreport.com/r.htm,"CNN/ORC Poll. Nov. 21-23, 2014. N=1,045 adults nationwide. Margin of error ± 3.","""We'd like to get your overall opinion of some people in the news. As I read each name, please say if you have a favorable or unfavorable opinion of these people -- or if you have never heard of them. Senate Democratic Leader Harry Reid.""",CNN/ORC Poll
"=""8/5-7/11""",28,39,21,12,,,,favorability,http://www.pollingreport.com/r.htm,"CNN/ORC Poll. Nov. 21-23, 2014. N=1,045 adults nationwide. Margin of error ± 3.","""We'd like to get your overall opinion of some people in the news. As I read each name, please say if you have a favorable or unfavorable opinion of these people -- or if you have never heard of them. Senate Democratic Leader Harry Reid.""",CNN/ORC Poll
"=""7/18-20/11""",29,37,25,9,,,,favorability,http://www.pollingreport.com/r.htm,"CNN/ORC Poll. Nov. 21-23, 2014. N=1,045 adults nationwide. Margin of error ± 3.","""We'd like to get your overall opinion of some people in the news. As I read each name, please say if you have a favorable or unfavorable opinion of these people -- or if you have never heard of them. Senate Democratic Leader Harry Reid.""",CNN/ORC Poll
"=""12/17-19/10""",33,33,13,21,,,,favorability,http://www.pollingreport.com/r.htm,"CNN/ORC Poll. Nov. 21-23, 2014. N=1,045 adults nationwide. Margin of error ± 3.","""We'd like to get your overall opinion of some people in the news. As I read each name, please say if you have a favorable or unfavorable opinion of these people -- or if you have never heard of them. Senate Democratic Leader Harry Reid.""",CNN/ORC Poll
"=""11/11-14/10""",28,35,24,13,,,,favorability,http://www.pollingreport.com/r.htm,"CNN/ORC Poll. Nov. 21-23, 2014. N=1,045 adults nationwide. Margin of error ± 3.","""We'd like to get your overall opinion of some people in the news. As I read each name, please say if you have a favorable or unfavorable opinion of these people -- or if you have never heard of them. Senate Democratic Leader Harry Reid.""",CNN/ORC Poll
"=""9/1-2/10""",24,37,26,13,,,,favorability,http://www.pollingreport.com/r.htm,"CNN/ORC Poll. Nov. 21-23, 2014. N=1,045 adults nationwide. Margin of error ± 3.","""We'd like to get your overall opinion of some people in the news. As I read each name, please say if you have a favorable or unfavorable opinion of these people -- or if you have never heard of them. Senate Democratic Leader Harry Reid.""",CNN/ORC Poll
"=""4/9-11/10""",28,35,20,17,,,,favorability,http://www.pollingreport.com/r.htm,"CNN/ORC Poll. Nov. 21-23, 2014. N=1,045 adults nationwide. Margin of error ± 3.","""We'd like to get your overall opinion of some people in the news. As I read each name, please say if you have a favorable or unfavorable opinion of these people -- or if you have never heard of them. Senate Democratic Leader Harry Reid.""",CNN/ORC Poll
"=""1/22-24/10""",22,38,22,19,,,,favorability,http://www.pollingreport.com/r.htm,"CNN/ORC Poll. Nov. 21-23, 2014. N=1,045 adults nationwide. Margin of error ± 3.","""We'd like to get your overall opinion of some people in the news. As I read each name, please say if you have a favorable or unfavorable opinion of these people -- or if you have never heard of them. Senate Democratic Leader Harry Reid.""",CNN/ORC Poll
"=""2/18-19/09""",22,30,31,18,,,,favorability,http://www.pollingreport.com/r.htm,"CNN/ORC Poll. Nov. 21-23, 2014. N=1,045 adults nationwide. Margin of error ± 3.","""We'd like to get your overall opinion of some people in the news. As I read each name, please say if you have a favorable or unfavorable opinion of these people -- or if you have never heard of them. Senate Democratic Leader Harry Reid.""",CNN/ORC Poll
"=""1/12-15/09""",28,28,25,19,,,,favorability,http://www.pollingreport.com/r.htm,"CNN/ORC Poll. Nov. 21-23, 2014. N=1,045 adults nationwide. Margin of error ± 3.","""We'd like to get your overall opinion of some people in the news. As I read each name, please say if you have a favorable or unfavorable opinion of these people -- or if you have never heard of them. Senate Democratic Leader Harry Reid.""",CNN/ORC Poll
"=""11/6-9/08""",26,24,30,21,,,,favorability,http://www.pollingreport.com/r.htm,"CNN/ORC Poll. Nov. 21-23, 2014. N=1,045 adults nationwide. Margin of error ± 3.","""We'd like to get your overall opinion of some people in the news. As I read each name, please say if you have a favorable or unfavorable opinion of these people -- or if you have never heard of them. Senate Democratic Leader Harry Reid.""",CNN/ORC Poll
"=""11/17-19/06""",28,19,37,16,,,,favorability,http://www.pollingreport.com/r.htm,"CNN/ORC Poll. Nov. 21-23, 2014. N=1,045 adults nationwide. Margin of error ± 3.","""We'd like to get your overall opinion of some people in the news. As I read each name, please say if you have a favorable or unfavorable opinion of these people -- or if you have never heard of them. Senate Democratic Leader Harry Reid.""",CNN/ORC Poll
"=""10/6-8/06""",28,23,36,13,,,,favorability,http://www.pollingreport.com/r.htm,"CNN/ORC Poll. Nov. 21-23, 2014. N=1,045 adults nationwide. Margin of error ± 3.","""We'd like to get your overall opinion of some people in the news. As I read each name, please say if you have a favorable or unfavorable opinion of these people -- or if you have never heard of them. Senate Democratic Leader Harry Reid.""",CNN/ORC Poll






"r.htm | Question 2"
"Gallup Poll. April 24-30, 2014. N=1,513 adults nationwide. Margin of error ± 3."
"Next, we'd like to get your overall opinion of some people in the news. As I read each name, please say if you have a favorable or unfavorable opinion of these people -- or if you have never heard of them. Senate Democratic Leader Harry Reid."
date,favorable,unfavorable,never heard of,unsure,sample_size,margin_of_error,subpopulation,question_type,url,original,question,pollster
"=""4/24-30/14""",27,41,22,10,1513,3,a,favorability,http://www.pollingreport.com/r.htm,"Gallup Poll. April 24-30, 2014. N=1,513 adults nationwide. Margin of error ± 3.","""Next, we'd like to get your overall opinion of some people in the news. As I read each name, please say if you have a favorable or unfavorable opinion of these people -- or if you have never heard of them. Senate Democratic Leader Harry Reid.""",Gallup Poll
"=""10/3-6/13""",27,43,20,10,,,,favorability,http://www.pollingreport.com/r.htm,"Gallup Poll. April 24-30, 2014. N=1,513 adults nationwide. Margin of error ± 3.","""Next, we'd like to get your overall opinion of some people in the news. As I read each name, please say if you have a favorable or unfavorable opinion of these people -- or if you have never heard of them. Senate Democratic Leader Harry Reid.""",Gallup Poll
"=""4/11-14/13""",27,38,21,15,,,,favorability,http://www.pollingreport.com/r.htm,"Gallup Poll. April 24-30, 2014. N=1,513 adults nationwide. Margin of error ± 3.","""Next, we'd like to get your overall opinion of some people in the news. As I read each name, please say if you have a favorable or unfavorable opinion of these people -- or if you have never heard of them. Senate Democratic Leader Harry Reid.""",Gallup Poll
"=""11/9-12/12""",28,36,22,13,,,,favorability,http://www.pollingreport.com/r.htm,"Gallup Poll. April 24-30, 2014. N=1,513 adults nationwide. Margin of error ± 3.","""Next, we'd like to get your overall opinion of some people in the news. As I read each name, please say if you have a favorable or unfavorable opinion of these people -- or if you have never heard of them. Senate Democratic Leader Harry Reid.""",Gallup Poll
"=""1/14-16/11""",25,41,21,12,,,,favorability,http://www.pollingreport.com/r.htm,"Gallup Poll. April 24-30, 2014. N=1,513 adults nationwide. Margin of error ± 3.","""Next, we'd like to get your overall opinion of some people in the news. As I read each name, please say if you have a favorable or unfavorable opinion of these people -- or if you have never heard of them. Senate Democratic Leader Harry Reid.""",Gallup Poll
"=""11/4-7/10""",25,43,19,14,,,,favorability,http://www.pollingreport.com/r.htm,"Gallup Poll. April 24-30, 2014. N=1,513 adults nationwide. Margin of error ± 3.","""Next, we'd like to get your overall opinion of some people in the news. As I read each name, please say if you have a favorable or unfavorable opinion of these people -- or if you have never heard of them. Senate Democratic Leader Harry Reid.""",Gallup Poll
"=""5/24-25/10""",27,41,19,13,,,,favorability,http://www.pollingreport.com/r.htm,"Gallup Poll. April 24-30, 2014. N=1,513 adults nationwide. Margin of error ± 3.","""Next, we'd like to get your overall opinion of some people in the news. As I read each name, please say if you have a favorable or unfavorable opinion of these people -- or if you have never heard of them. Senate Democratic Leader Harry Reid.""",Gallup Poll
"=""3/26-28/10""",29,45,17,9,,,,favorability,http://www.pollingreport.com/r.htm,"Gallup Poll. April 24-30, 2014. N=1,513 adults nationwide. Margin of error ± 3.","""Next, we'd like to get your overall opinion of some people in the news. As I read each name, please say if you have a favorable or unfavorable opinion of these people -- or if you have never heard of them. Senate Democratic Leader Harry Reid.""",Gallup Poll
"=""11/7-9/08""",27,30,28,14,,,,favorability,http://www.pollingreport.com/r.htm,"Gallup Poll. April 24-30, 2014. N=1,513 adults nationwide. Margin of error ± 3.","""Next, we'd like to get your overall opinion of some people in the news. As I read each name, please say if you have a favorable or unfavorable opinion of these people -- or if you have never heard of them. Senate Democratic Leader Harry Reid.""",Gallup Poll
"=""11/9-12/06""",27,19,33,20,,,,favorability,http://www.pollingreport.com/r.htm,"Gallup Poll. April 24-30, 2014. N=1,513 adults nationwide. Margin of error ± 3.","""Next, we'd like to get your overall opinion of some people in the news. As I read each name, please say if you have a favorable or unfavorable opinion of these people -- or if you have never heard of them. Senate Democratic Leader Harry Reid.""",Gallup Poll
"=""5/20-22/05""",22,19,42,17,,,,favorability,http://www.pollingreport.com/r.htm,"Gallup Poll. April 24-30, 2014. N=1,513 adults nationwide. Margin of error ± 3.","""Next, we'd like to get your overall opinion of some people in the news. As I read each name, please say if you have a favorable or unfavorable opinion of these people -- or if you have never heard of them. Senate Democratic Leader Harry Reid.""",Gallup Poll
"=""4/29 - 5/1/05""",21,18,44,17,,,,favorability,http://www.pollingreport.com/r.htm,"Gallup Poll. April 24-30, 2014. N=1,513 adults nationwide. Margin of error ± 3.","""Next, we'd like to get your overall opinion of some people in the news. As I read each name, please say if you have a favorable or unfavorable opinion of these people -- or if you have never heard of them. Senate Democratic Leader Harry Reid.""",Gallup Poll






"r.htm | Question 3"
"CBS News Poll. Oct. 18-21, 2013. N=1,007 adults nationwide. Margin of error ± 3."
"Do you approve or disapprove of the way Harry Reid is handling his job as Senate majority leader?"
date,approve,disapprove,unsure,sample_size,margin_of_error,subpopulation,question_type,url,original,question,pollster
"=""10/18-21/13""",24,55,21,1007,3,a,approval,http://www.pollingreport.com/r.htm,"CBS News Poll. Oct. 18-21, 2013. N=1,007 adults nationwide. Margin of error ± 3.","""Do you approve or disapprove of the way Harry Reid is handling his job as Senate majority leader?""",CBS News Poll
"=""1/11-15/13""",29,45,27,,,,approval,http://www.pollingreport.com/r.htm,"CBS News Poll. Oct. 18-21, 2013. N=1,007 adults nationwide. Margin of error ± 3.","""Do you approve or disapprove of the way Harry Reid is handling his job as Senate majority leader?""",CBS News Poll






"r.htm | Question 4"
"Gallup Poll. Sept. 5-8, 2013. N=794 adults nationwide. Margin of error ± 4."
"Do you approve or disapprove of the way Harry Reid is handling his job as majority leader of the U.S. Senate?"
date,approve,disapprove,unsure,sample_size,margin_of_error,subpopulation,question_type,url,original,question,pollster
"=""9/5-8/13""",33,53,14,794,4,a,approval,http://www.pollingreport.com/r.htm,"Gallup Poll. Sept. 5-8, 2013. N=794 adults nationwide. Margin of error ± 4.","""Do you approve or disapprove of the way Harry Reid is handling his job as majority leader of the U.S. Senate?""",Gallup Poll






"r.htm | Question 5"
"ABC News/Washington Post Poll. April 14-17, 2011. N=1,001 adults nationwide. Margin of error ± 3.5."
"Do you approve or disapprove of the way Harry Reid is handling his job as majority leader of the Senate?"
date,approve,disapprove,unsure,sample_size,margin_of_error,subpopulation,question_type,url,original,question,pollster
"=""4/14-17/11""",33,49,18,1001,3,a,approval,http://www.pollingreport.com/r.htm,"ABC News/Washington Post Poll. April 14-17, 2011. N=1,001 adults nationwide. Margin of error ± 3.5.","""Do you approve or disapprove of the way Harry Reid is handling his job as majority leader of the Senate?""",ABC News/Washington Post Poll
"=""3/23-26/10""",29,47,25,,,,approval,http://www.pollingreport.com/r.htm,"ABC News/Washington Post Poll. April 14-17, 2011. N=1,001 adults nationwide. Margin of error ± 3.5.","""Do you approve or disapprove of the way Harry Reid is handling his job as majority leader of the Senate?""",ABC News/Washington Post Poll
"=""1/12-15/10""",35,47,18,,,,approval,http://www.pollingreport.com/r.htm,"ABC News/Washington Post Poll. April 14-17, 2011. N=1,001 adults nationwide. Margin of error ± 3.5.","""Do you approve or disapprove of the way Harry Reid is handling his job as majority leader of the Senate?""",ABC News/Washington Post Poll
"=""4/12-15/07""",46,33,21,,,,approval,http://www.pollingreport.com/r.htm,"ABC News/Washington Post Poll. April 14-17, 2011. N=1,001 adults nationwide. Margin of error ± 3.5.","""Do you approve or disapprove of the way Harry Reid is handling his job as majority leader of the Senate?""",ABC News/Washington Post Poll






"r.htm | Question 6"
"FOX News/Opinion Dynamics Poll. April 6-7, 2010. N=900 registered voters nationwide. Margin of error ± 3."
"I'm going to read you the names of several individuals. Please tell me whether you have a generally favorable or unfavorable opinion of each one. If you've never heard of someone, please just say so. Harry Reid."
date,favorable,unfavorable,unsure,never heard of,sample_size,margin_of_error,subpopulation,question_type,url,original,question,pollster
"=""4/6-7/10""",16,37,13,34,900,3,rv,favorability,http://www.pollingreport.com/r.htm,"FOX News/Opinion Dynamics Poll. April 6-7, 2010. N=900 registered voters nationwide. Margin of error ± 3.","""I'm going to read you the names of several individuals. Please tell me whether you have a generally favorable or unfavorable opinion of each one. If you've never heard of someone, please just say so. Harry Reid.""",FOX News/Opinion Dynamics Poll
"=""10/25-26/05""",11,15,23,51,,,,favorability,http://www.pollingreport.com/r.htm,"FOX News/Opinion Dynamics Poll. April 6-7, 2010. N=900 registered voters nationwide. Margin of error ± 3.","""I'm going to read you the names of several individuals. Please tell me whether you have a generally favorable or unfavorable opinion of each one. If you've never heard of someone, please just say so. Harry Reid.""",FOX News/Opinion Dynamics Poll






"r.htm | Question 7"
"CBS News Poll . March 18-21, 2010. N=1,059 adults nationwide. Margin of error ± 3."
"Is your opinion of
date,favorable,not favorable,undecided,haven't heard enough,refused,sample_size,margin_of_error,subpopulation,question_type,url,original,question,pollster
"=""3/18-21/10""",8,23,18,50,1,1059,3,a,favorability,http://www.pollingreport.com/r.htm,"CBS News Poll . March 18-21, 2010. N=1,059 adults nationwide. Margin of error ± 3.","""Is your opinion of",CBS News Poll 
"=""1/1-3/07""",5,8,16,70,1,,,,favorability,http://www.pollingreport.com/r.htm,"CBS News Poll . March 18-21, 2010. N=1,059 adults nationwide. Margin of error ± 3.","""Is your opinion of",CBS News Poll 






"r.htm | Question 8"
"NBC News/Wall Street Journal Poll conducted by the polling organizations of Peter Hart (D) and Bill McInturff (R). Oct. 22-25, 2009. N=approx. 500 adults nationwide. Margin of error ± 4.4."
"Now I'm going to read you the names of several public figures, groups, and places, and I'd like you to rate your feelings toward each one as either very positive, somewhat positive, neutral, somewhat negative, or very negative. If you don't know the name, please just say so. Harry Reid."
date,very positive,somewhat positive,neutral,somewhat negative,very negative,don't know name/unsure,sample_size,margin_of_error,subpopulation,question_type,url,original,question,pollster
"=""10/22-25/09""",2,12,18,7,19,42,,4,a,thermometer,http://www.pollingreport.com/r.htm,"NBC News/Wall Street Journal Poll conducted by the polling organizations of Peter Hart (D) and Bill McInturff (R). Oct. 22-25, 2009. N=approx. 500 adults nationwide. Margin of error ± 4.4.","""Now I'm going to read you the names of several public figures, groups, and places, and I'd like you to rate your feelings toward each one as either very positive, somewhat positive, neutral, somewhat negative, or very negative. If you don't know the name, please just say so. Harry Reid.""",NBC News/Wall Street Journal Poll conducted by the polling organizations of Peter Hart (D) and Bill McInturff (R)
"=""1/09""",2,12,22,10,11,43,,,,thermometer,http://www.pollingreport.com/r.htm,"NBC News/Wall Street Journal Poll conducted by the polling organizations of Peter Hart (D) and Bill McInturff (R). Oct. 22-25, 2009. N=approx. 500 adults nationwide. Margin of error ± 4.4.","""Now I'm going to read you the names of several public figures, groups, and places, and I'd like you to rate your feelings toward each one as either very positive, somewhat positive, neutral, somewhat negative, or very negative. If you don't know the name, please just say so. Harry Reid.""",NBC News/Wall Street Journal Poll conducted by the polling organizations of Peter Hart (D) and Bill McInturff (R)
"=""1/07""",3,9,13,9,8,58,,,,thermometer,http://www.pollingreport.com/r.htm,"NBC News/Wall Street Journal Poll conducted by the polling organizations of Peter Hart (D) and Bill McInturff (R). Oct. 22-25, 2009. N=approx. 500 adults nationwide. Margin of error ± 4.4.","""Now I'm going to read you the names of several public figures, groups, and places, and I'd like you to rate your feelings toward each one as either very positive, somewhat positive, neutral, somewhat negative, or very negative. If you don't know the name, please just say so. Harry Reid.""",NBC News/Wall Street Journal Poll conducted by the polling organizations of Peter Hart (D) and Bill McInturff (R)
"=""2/10-14/05""",4,7,21,5,3,60,,,,thermometer,http://www.pollingreport.com/r.htm,"NBC News/Wall Street Journal Poll conducted by the polling organizations of Peter Hart (D) and Bill McInturff (R). Oct. 22-25, 2009. N=approx. 500 adults nationwide. Margin of error ± 4.4.","""Now I'm going to read you the names of several public figures, groups, and places, and I'd like you to rate your feelings toward each one as either very positive, somewhat positive, neutral, somewhat negative, or very negative. If you don't know the name, please just say so. Harry Reid.""",NBC News/Wall Street Journal Poll conducted by the polling organizations of Peter Hart (D) and Bill McInturff (R)






"r.htm | Question 9"
"Diageo/Hotline Poll conducted by FD. June 4-7, 2009. N=800 registered voters nationwide. Margin of error ± 3.5."
"Now, I'd like to ask your opinions on public figures and organizations in the news. I'd like to read you a list of various national public figures, and for each one, please tell me if you have a favorable or unfavorable opinion of them. If you haven't heard of them, just tell me and we'll move on. Harry Reid."
date,favorable,unfavorable,heard of/can't rate (vol.),haven't heard of,unsure,sample_size,margin_of_error,subpopulation,question_type,url,original,question,pollster
"=""6/4-7/09""",16,21,11,43,10,800,3,rv,favorability,http://www.pollingreport.com/r.htm,"Diageo/Hotline Poll conducted by FD. June 4-7, 2009. N=800 registered voters nationwide. Margin of error ± 3.5.","""Now, I'd like to ask your opinions on public figures and organizations in the news. I'd like to read you a list of various national public figures, and for each one, please tell me if you have a favorable or unfavorable opinion of them. If you haven't heard of them, just tell me and we'll move on. Harry Reid.""",Diageo/Hotline Poll conducted by FD
"=""3/26-29/09""",14,26,17,38,6,,,,favorability,http://www.pollingreport.com/r.htm,"Diageo/Hotline Poll conducted by FD. June 4-7, 2009. N=800 registered voters nationwide. Margin of error ± 3.5.","""Now, I'd like to ask your opinions on public figures and organizations in the news. I'd like to read you a list of various national public figures, and for each one, please tell me if you have a favorable or unfavorable opinion of them. If you haven't heard of them, just tell me and we'll move on. Harry Reid.""",Diageo/Hotline Poll conducted by FD
"=""2/28 - 3/2/09""",18,27,12,36,8,,,,favorability,http://www.pollingreport.com/r.htm,"Diageo/Hotline Poll conducted by FD. June 4-7, 2009. N=800 registered voters nationwide. Margin of error ± 3.5.","""Now, I'd like to ask your opinions on public figures and organizations in the news. I'd like to read you a list of various national public figures, and for each one, please tell me if you have a favorable or unfavorable opinion of them. If you haven't heard of them, just tell me and we'll move on. Harry Reid.""",Diageo/Hotline Poll conducted by FD
"=""1/21-24/09""",18,20,10,37,15,,,,favorability,http://www.pollingreport.com/r.htm,"Diageo/Hotline Poll conducted by FD. June 4-7, 2009. N=800 registered voters nationwide. Margin of error ± 3.5.","""Now, I'd like to ask your opinions on public figures and organizations in the news. I'd like to read you a list of various national public figures, and for each one, please tell me if you have a favorable or unfavorable opinion of them. If you haven't heard of them, just tell me and we'll move on. Harry Reid.""",Diageo/Hotline Poll conducted by FD
"=""7/19-22/07""",12,24,17,41,7,,,,favorability,http://www.pollingreport.com/r.htm,"Diageo/Hotline Poll conducted by FD. June 4-7, 2009. N=800 registered voters nationwide. Margin of error ± 3.5.","""Now, I'd like to ask your opinions on public figures and organizations in the news. I'd like to read you a list of various national public figures, and for each one, please tell me if you have a favorable or unfavorable opinion of them. If you haven't heard of them, just tell me and we'll move on. Harry Reid.""",Diageo/Hotline Poll conducted by FD






"r.htm | Question 10"
"Newsweek Poll conducted by Princeton Survey Research Associates International. March 4-5, 2009. N=1,203 adults nationwide. Margin of error ± 3.5."
"Next, as I read you the names of some people in politics, please tell me if you have a favorable or unfavorable opinion of each one. If I mention someone you never heard of before this interview, just tell me. What about Senate Majority Leader Harry Reid?"
date,favorable,unfavorable,never heard of,unsure,sample_size,margin_of_error,subpopulation,question_type,url,original,question,pollster
"=""3/4-5/09""",23,28,33,16,1203,3,a,favorability,http://www.pollingreport.com/r.htm,"Newsweek Poll conducted by Princeton Survey Research Associates International. March 4-5, 2009. N=1,203 adults nationwide. Margin of error ± 3.5.","""Next, as I read you the names of some people in politics, please tell me if you have a favorable or unfavorable opinion of each one. If I mention someone you never heard of before this interview, just tell me. What about Senate Majority Leader Harry Reid?""",Newsweek Poll conducted by Princeton Survey Research Associates International






"r.htm | Question 11"
"The Harris Poll. Oct. 5-8, 2007. N=1,003 adults nationwide. Margin of error ± 3.   "
"How would you rate the job Senate Majority Leader Harry Reid is doing: excellent, pretty good, only fair, or poor?"
manually enter poll





"r.htm | Question 12"
"Pew Research Center for the People & the Press survey conducted by Princeton Survey Research Associates International. March 21-25, 2007. N=750 adults nationwide. Margin of error ± 4."
"Do you approve or disapprove of the way Harry Reid is handling his job as Senate majority leader?"
date,approve,disapprove,unsure,sample_size,margin_of_error,subpopulation,question_type,url,original,question,pollster
"=""3/21-25/07""",32,22,46,750,4,a,approval,http://www.pollingreport.com/r.htm,"Pew Research Center for the People & the Press survey conducted by Princeton Survey Research Associates International. March 21-25, 2007. N=750 adults nationwide. Margin of error ± 4.","""Do you approve or disapprove of the way Harry Reid is handling his job as Senate majority leader?""",Pew Research Center for the People & the Press survey conducted by Princeton Survey Research Associates International






"r.htm | Question 13"
"Los Angeles Times/Bloomberg Poll. Dec. 8-11, 2006. N=1,489 adults nationwide. Margin of error ± 3."
"What is your impression of the new Senate majority leader, Harry Reid? As of today, is it very favorable, somewhat favorable, somewhat unfavorable, very unfavorable or haven't you heard enough about him to say?"
date,favorable,unfavorable,unsure,haven't heard enough,sample_size,margin_of_error,subpopulation,question_type,url,original,question,pollster
"=""12/8-11/06""",21,12,2,65,1489,3,a,favorability,http://www.pollingreport.com/r.htm,"Los Angeles Times/Bloomberg Poll. Dec. 8-11, 2006. N=1,489 adults nationwide. Margin of error ± 3.","""What is your impression of the new Senate majority leader, Harry Reid? As of today, is it very favorable, somewhat favorable, somewhat unfavorable, very unfavorable or haven't you heard enough about him to say?""",Los Angeles Times/Bloomberg Poll






"r.htm | Question 14"
"Quinnipiac University Poll. Nov. 13-19, 2006. N=1,623 registered voters nationwide. Margin of error ± 2.4."
"I'd like to get your feelings toward some of our political leaders and other people who have been in the news. I'll read the name of a person and I'd like you to rate that person using something called the feeling thermometer. You can choose any number between 0 and 100. The higher the number, the warmer or more favorable you feel toward that person, the lower the number, the colder or less favorable. If we come to a person who you haven't heard enough about to form an opinion, you don't need to rate the person. Just tell me and we'll move on to the next one. How do you feel about
manually enter poll





"r.htm | Question 15"
"Newsweek Poll conducted by Princeton Survey Research Associates International. Nov. 9-10, 2006. N=1,006 adults nationwide. Margin of error ± 3."
"Do you have a favorable or unfavorable opinion of Harry Reid, who will be the Senate majority leader in the new Congress?"
date,favorable,unfavorable,never heard of (vol.),unsure,sample_size,margin_of_error,subpopulation,question_type,url,original,question,pollster
"=""11/9-10/06""",25,17,24,34,1006,3,a,favorability,http://www.pollingreport.com/r.htm,"Newsweek Poll conducted by Princeton Survey Research Associates International. Nov. 9-10, 2006. N=1,006 adults nationwide. Margin of error ± 3.","""Do you have a favorable or unfavorable opinion of Harry Reid, who will be the Senate majority leader in the new Congress?""",Newsweek Poll conducted by Princeton Survey Research Associates International






"r.htm | Question 16"
"NBC News/Wall Street Journal Poll conducted by the polling organizations of Peter Hart (D) and Bill McInturff (R). Dec. 5-8, 2008. N=approx. 500 adults nationwide. Margin of error ± 4.4.  "
"Now I'm going to read you the names of several public figures, and I'd like you to rate your feelings toward each one as either very positive, somewhat positive, neutral, somewhat negative, or very negative. If you don't know the name, please just say so. Condoleezza Rice."
date,very positive,somewhat positive,neutral,somewhat negative,very negative,don't know name/ not sure,sample_size,margin_of_error,subpopulation,question_type,url,original,question,pollster
"=""12/5-8/08""",21,26,27,12,6,8,,4,a,thermometer,http://www.pollingreport.com/r.htm,"NBC News/Wall Street Journal Poll conducted by the polling organizations of Peter Hart (D) and Bill McInturff (R). Dec. 5-8, 2008. N=approx. 500 adults nationwide. Margin of error ± 4.4.  ","""Now I'm going to read you the names of several public figures, and I'd like you to rate your feelings toward each one as either very positive, somewhat positive, neutral, somewhat negative, or very negative. If you don't know the name, please just say so. Condoleezza Rice.""",NBC News/Wall Street Journal Poll conducted by the polling organizations of Peter Hart (D) and Bill McInturff (R)
"=""2/10-14/05""",28,22,16,13,14,7,,,,thermometer,http://www.pollingreport.com/r.htm,"NBC News/Wall Street Journal Poll conducted by the polling organizations of Peter Hart (D) and Bill McInturff (R). Dec. 5-8, 2008. N=approx. 500 adults nationwide. Margin of error ± 4.4.  ","""Now I'm going to read you the names of several public figures, and I'd like you to rate your feelings toward each one as either very positive, somewhat positive, neutral, somewhat negative, or very negative. If you don't know the name, please just say so. Condoleezza Rice.""",NBC News/Wall Street Journal Poll conducted by the polling organizations of Peter Hart (D) and Bill McInturff (R)
"=""1/13-17/05""",20,22,23,11,9,15,,,,thermometer,http://www.pollingreport.com/r.htm,"NBC News/Wall Street Journal Poll conducted by the polling organizations of Peter Hart (D) and Bill McInturff (R). Dec. 5-8, 2008. N=approx. 500 adults nationwide. Margin of error ± 4.4.  ","""Now I'm going to read you the names of several public figures, and I'd like you to rate your feelings toward each one as either very positive, somewhat positive, neutral, somewhat negative, or very negative. If you don't know the name, please just say so. Condoleezza Rice.""",NBC News/Wall Street Journal Poll conducted by the polling organizations of Peter Hart (D) and Bill McInturff (R)
"=""12/9-13/04""",26,19,21,10,12,12,,,,thermometer,http://www.pollingreport.com/r.htm,"NBC News/Wall Street Journal Poll conducted by the polling organizations of Peter Hart (D) and Bill McInturff (R). Dec. 5-8, 2008. N=approx. 500 adults nationwide. Margin of error ± 4.4.  ","""Now I'm going to read you the names of several public figures, and I'd like you to rate your feelings toward each one as either very positive, somewhat positive, neutral, somewhat negative, or very negative. If you don't know the name, please just say so. Condoleezza Rice.""",NBC News/Wall Street Journal Poll conducted by the polling organizations of Peter Hart (D) and Bill McInturff (R)
"=""5/1-3/04""",26,22,17,12,12,11,,,rv,thermometer,http://www.pollingreport.com/r.htm,"NBC News/Wall Street Journal Poll conducted by the polling organizations of Peter Hart (D) and Bill McInturff (R). Dec. 5-8, 2008. N=approx. 500 adults nationwide. Margin of error ± 4.4.  ","""Now I'm going to read you the names of several public figures, and I'd like you to rate your feelings toward each one as either very positive, somewhat positive, neutral, somewhat negative, or very negative. If you don't know the name, please just say so. Condoleezza Rice.""",NBC News/Wall Street Journal Poll conducted by the polling organizations of Peter Hart (D) and Bill McInturff (R)






"r.htm | Question 17"
"The Harris Poll. Feb. 6-10, 2008. N=1,030 adults nationwide. Margin of error ± 3.  "
"How would you rate the job Secretary of State Condoleezza Rice is doing: excellent, pretty good, only fair, or poor?"
date,excellent/ pretty good,only fair/ poor,sample_size,margin_of_error,subpopulation,question_type,url,original,question,pollster
"=""2/6-10/08""",46,46,1030,3,a,approval,http://www.pollingreport.com/r.htm,"The Harris Poll. Feb. 6-10, 2008. N=1,030 adults nationwide. Margin of error ± 3.  ","""How would you rate the job Secretary of State Condoleezza Rice is doing: excellent, pretty good, only fair, or poor?""",The Harris Poll
"=""10/5-8/07""",42,51,,,,approval,http://www.pollingreport.com/r.htm,"The Harris Poll. Feb. 6-10, 2008. N=1,030 adults nationwide. Margin of error ± 3.  ","""How would you rate the job Secretary of State Condoleezza Rice is doing: excellent, pretty good, only fair, or poor?""",The Harris Poll
"=""7/6-9/07""",47,47,,,,approval,http://www.pollingreport.com/r.htm,"The Harris Poll. Feb. 6-10, 2008. N=1,030 adults nationwide. Margin of error ± 3.  ","""How would you rate the job Secretary of State Condoleezza Rice is doing: excellent, pretty good, only fair, or poor?""",The Harris Poll
"=""4/20-23/07""",45,50,,,,approval,http://www.pollingreport.com/r.htm,"The Harris Poll. Feb. 6-10, 2008. N=1,030 adults nationwide. Margin of error ± 3.  ","""How would you rate the job Secretary of State Condoleezza Rice is doing: excellent, pretty good, only fair, or poor?""",The Harris Poll
"=""2/2-5/07""",46,48,,,,approval,http://www.pollingreport.com/r.htm,"The Harris Poll. Feb. 6-10, 2008. N=1,030 adults nationwide. Margin of error ± 3.  ","""How would you rate the job Secretary of State Condoleezza Rice is doing: excellent, pretty good, only fair, or poor?""",The Harris Poll
"=""9/8-11/06""",55,42,,,,approval,http://www.pollingreport.com/r.htm,"The Harris Poll. Feb. 6-10, 2008. N=1,030 adults nationwide. Margin of error ± 3.  ","""How would you rate the job Secretary of State Condoleezza Rice is doing: excellent, pretty good, only fair, or poor?""",The Harris Poll
"=""6/2-5/06""",52,43,,,,approval,http://www.pollingreport.com/r.htm,"The Harris Poll. Feb. 6-10, 2008. N=1,030 adults nationwide. Margin of error ± 3.  ","""How would you rate the job Secretary of State Condoleezza Rice is doing: excellent, pretty good, only fair, or poor?""",The Harris Poll
"=""3/3-7/06""",51,44,,,,approval,http://www.pollingreport.com/r.htm,"The Harris Poll. Feb. 6-10, 2008. N=1,030 adults nationwide. Margin of error ± 3.  ","""How would you rate the job Secretary of State Condoleezza Rice is doing: excellent, pretty good, only fair, or poor?""",The Harris Poll
"=""11/8-13/05""",52,41,,,,approval,http://www.pollingreport.com/r.htm,"The Harris Poll. Feb. 6-10, 2008. N=1,030 adults nationwide. Margin of error ± 3.  ","""How would you rate the job Secretary of State Condoleezza Rice is doing: excellent, pretty good, only fair, or poor?""",The Harris Poll
"=""8/9-16/05""",57,37,,,,approval,http://www.pollingreport.com/r.htm,"The Harris Poll. Feb. 6-10, 2008. N=1,030 adults nationwide. Margin of error ± 3.  ","""How would you rate the job Secretary of State Condoleezza Rice is doing: excellent, pretty good, only fair, or poor?""",The Harris Poll
"=""6/7-12/05""",52,41,,,,approval,http://www.pollingreport.com/r.htm,"The Harris Poll. Feb. 6-10, 2008. N=1,030 adults nationwide. Margin of error ± 3.  ","""How would you rate the job Secretary of State Condoleezza Rice is doing: excellent, pretty good, only fair, or poor?""",The Harris Poll
"=""4/5-10/05""",54,39,,,,approval,http://www.pollingreport.com/r.htm,"The Harris Poll. Feb. 6-10, 2008. N=1,030 adults nationwide. Margin of error ± 3.  ","""How would you rate the job Secretary of State Condoleezza Rice is doing: excellent, pretty good, only fair, or poor?""",The Harris Poll
"=""2/8-13/05""",52,40,,,,approval,http://www.pollingreport.com/r.htm,"The Harris Poll. Feb. 6-10, 2008. N=1,030 adults nationwide. Margin of error ± 3.  ","""How would you rate the job Secretary of State Condoleezza Rice is doing: excellent, pretty good, only fair, or poor?""",The Harris Poll






"r.htm | Question 18"
"Time Poll conducted by Schulman, Ronca & Bucuvalas (SRBI) Public Affairs. March 23-26, 2007. N=1,264 adults nationwide. Margin of error ± 3."
"Do you approve or disapprove of the way Secretary of State Condoleezza Rice is handling her job?"
date,approve,disapprove,unsure,sample_size,margin_of_error,subpopulation,question_type,url,original,question,pollster
"=""3/23-26/07""",55,32,14,1264,3,a,approval,http://www.pollingreport.com/r.htm,"Time Poll conducted by Schulman, Ronca & Bucuvalas (SRBI) Public Affairs. March 23-26, 2007. N=1,264 adults nationwide. Margin of error ± 3.","""Do you approve or disapprove of the way Secretary of State Condoleezza Rice is handling her job?""","Time Poll conducted by Schulman, Ronca & Bucuvalas (SRBI) Public Affairs"






"r.htm | Question 19"
"ABC News/Washington Post Poll. Feb. 22-25, 2007. N=approx. 500 adults nationwide."
"Do you approve or disapprove of the way
date,approve,disapprove,unsure,sample_size,margin_of_error,subpopulation,question_type,url,original,question,pollster
"=""2/22-25/07""",58,31,10,,,a,approval,http://www.pollingreport.com/r.htm,"ABC News/Washington Post Poll. Feb. 22-25, 2007. N=approx. 500 adults nationwide.","""Do you approve or disapprove of the way",ABC News/Washington Post Poll






"r.htm | Question 20"
"CBS News Poll. Feb. 8-11, 2007. N=1,142 adults nationwide. Margin of error ± 3."
"Is your opinion of
date,favorable,not favorable,undecided,haven't heard,refused,sample_size,margin_of_error,subpopulation,question_type,url,original,question,pollster
"=""2/8-11/07""",39,23,24,13,1,1142,3,a,favorability,http://www.pollingreport.com/r.htm,"CBS News Poll. Feb. 8-11, 2007. N=1,142 adults nationwide. Margin of error ± 3.","""Is your opinion of",CBS News Poll
"=""10/5-8/06""",44,25,20,10,1,,,,favorability,http://www.pollingreport.com/r.htm,"CBS News Poll. Feb. 8-11, 2007. N=1,142 adults nationwide. Margin of error ± 3.","""Is your opinion of",CBS News Poll
"=""10/30 - 11/1/05""",41,19,24,16,0,,,,favorability,http://www.pollingreport.com/r.htm,"CBS News Poll. Feb. 8-11, 2007. N=1,142 adults nationwide. Margin of error ± 3.","""Is your opinion of",CBS News Poll






"r.htm | Question 21"
"CNN Poll conducted by Opinion Research Corporation. Dec. 15-17, 2006. N=1,019 adults nationwide. Margin of error ± 3."
"Do you approve or disapprove of the way Condoleezza Rice is handling her job as secretary of state?"
date,approve,disapprove,unsure,sample_size,margin_of_error,subpopulation,question_type,url,original,question,pollster
"=""12/15-17/06""",57,35,8,1019,3,a,approval,http://www.pollingreport.com/r.htm,"CNN Poll conducted by Opinion Research Corporation. Dec. 15-17, 2006. N=1,019 adults nationwide. Margin of error ± 3.","""Do you approve or disapprove of the way Condoleezza Rice is handling her job as secretary of state?""",CNN Poll conducted by Opinion Research Corporation
"=""8/2-3/06""",62,27,10,,,,approval,http://www.pollingreport.com/r.htm,"CNN Poll conducted by Opinion Research Corporation. Dec. 15-17, 2006. N=1,019 adults nationwide. Margin of error ± 3.","""Do you approve or disapprove of the way Condoleezza Rice is handling her job as secretary of state?""",CNN Poll conducted by Opinion Research Corporation






"r.htm | Question 22"
"Quinnipiac University Poll. Nov. 13-19, 2006. N=1,623 registered voters nationwide. Margin of error ± 2.4."
"I'd like to get your feelings toward some of our political leaders and other people who have been in the news. I'll read the name of a person and I'd like you to rate that person using something called the feeling thermometer. You can choose any number between 0 and 100. The higher the number, the warmer or more favorable you feel toward that person, the lower the number, the colder or less favorable. If we come to a person who you haven't heard enough about to form an opinion, you don't need to rate the person. Just tell me and we'll move on to the next one. How do you feel about Condoleezza Rice?"
manually enter poll





"r.htm | Question 23"
"Newsweek Poll conducted by Princeton Survey Research Associates International. Oct. 5-6, 2006. N=1,004 adults nationwide. Margin of error ± 3."
"Do you approve or disapprove of the way Condoleezza Rice is handling her job as secretary of state?"
date,approve,disapprove,unsure,sample_size,margin_of_error,subpopulation,question_type,url,original,question,pollster
"=""10/5-6/06""",48,32,20,1004,3,a,approval,http://www.pollingreport.com/r.htm,"Newsweek Poll conducted by Princeton Survey Research Associates International. Oct. 5-6, 2006. N=1,004 adults nationwide. Margin of error ± 3.","""Do you approve or disapprove of the way Condoleezza Rice is handling her job as secretary of state?""",Newsweek Poll conducted by Princeton Survey Research Associates International
"=""8/10-11/06""",54,29,17,,,,approval,http://www.pollingreport.com/r.htm,"Newsweek Poll conducted by Princeton Survey Research Associates International. Oct. 5-6, 2006. N=1,004 adults nationwide. Margin of error ± 3.","""Do you approve or disapprove of the way Condoleezza Rice is handling her job as secretary of state?""",Newsweek Poll conducted by Princeton Survey Research Associates International






"r.htm | Question 24"
"CNN Poll conducted by Opinion Research Corporation. Sept. 22-24, 2006. N=1,009 adults nationwide. Margin of error ± 3."
"We'd like to get your overall opinion of some people in the news. As I read each name, please say if you have a favorable or unfavorable opinion of these people -- or if you have never heard of them. Secretary of State Condoleezza Rice."
date,favorable,unfavorable,never heard of,unsure,sample_size,margin_of_error,subpopulation,question_type,url,original,question,pollster
"=""9/22-24/06""",57,30,6,6,1009,3,a,favorability,http://www.pollingreport.com/r.htm,"CNN Poll conducted by Opinion Research Corporation. Sept. 22-24, 2006. N=1,009 adults nationwide. Margin of error ± 3.","""We'd like to get your overall opinion of some people in the news. As I read each name, please say if you have a favorable or unfavorable opinion of these people -- or if you have never heard of them. Secretary of State Condoleezza Rice.""",CNN Poll conducted by Opinion Research Corporation
"=""4/21-23/06""",57,22,9,12,,,,favorability,http://www.pollingreport.com/r.htm,"CNN Poll conducted by Opinion Research Corporation. Sept. 22-24, 2006. N=1,009 adults nationwide. Margin of error ± 3.","""We'd like to get your overall opinion of some people in the news. As I read each name, please say if you have a favorable or unfavorable opinion of these people -- or if you have never heard of them. Secretary of State Condoleezza Rice.""",CNN Poll conducted by Opinion Research Corporation






"r.htm | Question 25"
"Time Poll conducted by Schulman, Ronca & Bucuvalas (SRBI) Public Affairs. July 13-17, 2006. N=1,003 adults nationwide. Margin of error ± 3."
"Looking ahead to the 2008 presidential election, how favorable an impression do you have of each of the following possible candidates: very favorable, somewhat favorable, somewhat unfavorable, very unfavorable? . . . Secretary of State Condoleezza Rice."
date,very favorable,somewhat favorable,somewhat unfavorable,very unfavorable,unsure,sample_size,margin_of_error,subpopulation,question_type,url,original,question,pollster
"=""7/13-17/06""",25,30,15,19,10,1003,3,a,favorability,http://www.pollingreport.com/r.htm,"Time Poll conducted by Schulman, Ronca & Bucuvalas (SRBI) Public Affairs. July 13-17, 2006. N=1,003 adults nationwide. Margin of error ± 3.","""Looking ahead to the 2008 presidential election, how favorable an impression do you have of each of the following possible candidates: very favorable, somewhat favorable, somewhat unfavorable, very unfavorable? . . . Secretary of State Condoleezza Rice.""","Time Poll conducted by Schulman, Ronca & Bucuvalas (SRBI) Public Affairs"






"r.htm | Question 26"
"Pew Research Center for the People & the Press survey conducted by Princeton Survey Research Associates International. April 7-16, 2006. N=764 adults nationwide. Margin of error ± 4.  "
"Now I'd like your views on some people. Would you say your overall opinion of
date,very favorable,mostly favorable,mostly unfavorable,very unfavorable,never heard of (vol.),can't rate (vol.),sample_size,margin_of_error,subpopulation,question_type,url,original,question,pollster
"=""4/7-16/06""",26,33,17,10,6,8,764,4,a,favorability,http://www.pollingreport.com/r.htm,"Pew Research Center for the People & the Press survey conducted by Princeton Survey Research Associates International. April 7-16, 2006. N=764 adults nationwide. Margin of error ± 4.  ","""Now I'd like your views on some people. Would you say your overall opinion of",Pew Research Center for the People & the Press survey conducted by Princeton Survey Research Associates International
"=""10/12-24/05""",23,37,16,9,6,9,,,,favorability,http://www.pollingreport.com/r.htm,"Pew Research Center for the People & the Press survey conducted by Princeton Survey Research Associates International. April 7-16, 2006. N=764 adults nationwide. Margin of error ± 4.  ","""Now I'd like your views on some people. Would you say your overall opinion of",Pew Research Center for the People & the Press survey conducted by Princeton Survey Research Associates International
"=""3/17-27/05""",22,35,17,11,5,10,,,,favorability,http://www.pollingreport.com/r.htm,"Pew Research Center for the People & the Press survey conducted by Princeton Survey Research Associates International. April 7-16, 2006. N=764 adults nationwide. Margin of error ± 4.  ","""Now I'd like your views on some people. Would you say your overall opinion of",Pew Research Center for the People & the Press survey conducted by Princeton Survey Research Associates International






"r.htm | Question 27"
"FOX News/Opinion Dynamics Poll. April 18-19, 2006. N=900 registered voters nationwide. Margin of error ± 3.  "
"Do you approve or disapprove of the job Condoleezza Rice is doing as secretary of state?"
date,approve,disapprove,unsure,sample_size,margin_of_error,subpopulation,question_type,url,original,question,pollster
"=""4/18-19/06""",60,22,18,900,3,rv,approval,http://www.pollingreport.com/r.htm,"FOX News/Opinion Dynamics Poll. April 18-19, 2006. N=900 registered voters nationwide. Margin of error ± 3.  ","""Do you approve or disapprove of the job Condoleezza Rice is doing as secretary of state?""",FOX News/Opinion Dynamics Poll
"=""12/13-14/05""",59,26,15,,,,approval,http://www.pollingreport.com/r.htm,"FOX News/Opinion Dynamics Poll. April 18-19, 2006. N=900 registered voters nationwide. Margin of error ± 3.  ","""Do you approve or disapprove of the job Condoleezza Rice is doing as secretary of state?""",FOX News/Opinion Dynamics Poll
"=""10/11-12/05""",50,26,23,,,,approval,http://www.pollingreport.com/r.htm,"FOX News/Opinion Dynamics Poll. April 18-19, 2006. N=900 registered voters nationwide. Margin of error ± 3.  ","""Do you approve or disapprove of the job Condoleezza Rice is doing as secretary of state?""",FOX News/Opinion Dynamics Poll
"=""4/25-26/05""",59,22,19,,,,approval,http://www.pollingreport.com/r.htm,"FOX News/Opinion Dynamics Poll. April 18-19, 2006. N=900 registered voters nationwide. Margin of error ± 3.  ","""Do you approve or disapprove of the job Condoleezza Rice is doing as secretary of state?""",FOX News/Opinion Dynamics Poll
"=""3/1-2/05""",51,18,32,,,,approval,http://www.pollingreport.com/r.htm,"FOX News/Opinion Dynamics Poll. April 18-19, 2006. N=900 registered voters nationwide. Margin of error ± 3.  ","""Do you approve or disapprove of the job Condoleezza Rice is doing as secretary of state?""",FOX News/Opinion Dynamics Poll






"r.htm | Question 28"
"Quinnipiac University Poll. Nov. 28-Dec. 4, 2005. N=1,230 registered voters nationwide. Margin of error ± 2.8.  "
"Do you approve or disapprove of the way Condoleezza Rice is handling her job as secretary of state?"
date,approve,disapprove,unsure,sample_size,margin_of_error,subpopulation,question_type,url,original,question,pollster
"=""11/28 - 12/4/05""",61,25,14,1230,2,rv,approval,http://www.pollingreport.com/r.htm,"Quinnipiac University Poll. Nov. 28-Dec. 4, 2005. N=1,230 registered voters nationwide. Margin of error ± 2.8.  ","""Do you approve or disapprove of the way Condoleezza Rice is handling her job as secretary of state?""",Quinnipiac University Poll






"r.htm | Question 29"
"Time Poll conducted by Schulman, Ronca & Bucuvalas (SRBI) Public Affairs. Nov. 29-Dec. 1, 2005. N=1,004 adults nationwide. Margin of error ± 3.  "
"Do you approve or disapprove of the job that the following person has done in the Bush Administration? Secretary of State Condoleezza Rice."
date,approve,disapprove,unsure,sample_size,margin_of_error,subpopulation,question_type,url,original,question,pollster
"=""11/29 - 12/1/05""",53,21,25,1004,3,a,approval,http://www.pollingreport.com/r.htm,"Time Poll conducted by Schulman, Ronca & Bucuvalas (SRBI) Public Affairs. Nov. 29-Dec. 1, 2005. N=1,004 adults nationwide. Margin of error ± 3.  ","""Do you approve or disapprove of the job that the following person has done in the Bush Administration? Secretary of State Condoleezza Rice.""","Time Poll conducted by Schulman, Ronca & Bucuvalas (SRBI) Public Affairs"






"r.htm | Question 30"
"CNN/USA Today/Gallup Poll. Sept. 8-11, 2005. N=1,005 adults nationwide. Margin of error ± 3."
"Next, I'd like to get your overall opinion of some people in the news. As I read each name, please say if you have a favorable or unfavorable opinion of these people -- or if you have never heard of them. How about Secretary of State Condoleezza Rice?"
date,favorable,unfavorable,never heard of,unsure,sample_size,margin_of_error,subpopulation,question_type,url,original,question,pollster
"=""9/8-11/05""",63,25,5,7,1005,3,a,favorability,http://www.pollingreport.com/r.htm,"CNN/USA Today/Gallup Poll. Sept. 8-11, 2005. N=1,005 adults nationwide. Margin of error ± 3.","""Next, I'd like to get your overall opinion of some people in the news. As I read each name, please say if you have a favorable or unfavorable opinion of these people -- or if you have never heard of them. How about Secretary of State Condoleezza Rice?""",CNN/USA Today/Gallup Poll
"=""6/24-26/05""",61,27,5,7,,,,favorability,http://www.pollingreport.com/r.htm,"CNN/USA Today/Gallup Poll. Sept. 8-11, 2005. N=1,005 adults nationwide. Margin of error ± 3.","""Next, I'd like to get your overall opinion of some people in the news. As I read each name, please say if you have a favorable or unfavorable opinion of these people -- or if you have never heard of them. How about Secretary of State Condoleezza Rice?""",CNN/USA Today/Gallup Poll
"=""2/4-6/05""",59,27,4,10,,,,favorability,http://www.pollingreport.com/r.htm,"CNN/USA Today/Gallup Poll. Sept. 8-11, 2005. N=1,005 adults nationwide. Margin of error ± 3.","""Next, I'd like to get your overall opinion of some people in the news. As I read each name, please say if you have a favorable or unfavorable opinion of these people -- or if you have never heard of them. How about Secretary of State Condoleezza Rice?""",CNN/USA Today/Gallup Poll
"=""11/19-21/04""",63,26,6,5,,,,favorability,http://www.pollingreport.com/r.htm,"CNN/USA Today/Gallup Poll. Sept. 8-11, 2005. N=1,005 adults nationwide. Margin of error ± 3.","""Next, I'd like to get your overall opinion of some people in the news. As I read each name, please say if you have a favorable or unfavorable opinion of these people -- or if you have never heard of them. How about Secretary of State Condoleezza Rice?""",CNN/USA Today/Gallup Poll
"=""4/16-18/04""",59,24,9,8,,,,favorability,http://www.pollingreport.com/r.htm,"CNN/USA Today/Gallup Poll. Sept. 8-11, 2005. N=1,005 adults nationwide. Margin of error ± 3.","""Next, I'd like to get your overall opinion of some people in the news. As I read each name, please say if you have a favorable or unfavorable opinion of these people -- or if you have never heard of them. How about Secretary of State Condoleezza Rice?""",CNN/USA Today/Gallup Poll
"=""3/26-28/04""",50,25,14,11,,,,favorability,http://www.pollingreport.com/r.htm,"CNN/USA Today/Gallup Poll. Sept. 8-11, 2005. N=1,005 adults nationwide. Margin of error ± 3.","""Next, I'd like to get your overall opinion of some people in the news. As I read each name, please say if you have a favorable or unfavorable opinion of these people -- or if you have never heard of them. How about Secretary of State Condoleezza Rice?""",CNN/USA Today/Gallup Poll
"=""10/24-26/03""",55,16,17,12,,,,favorability,http://www.pollingreport.com/r.htm,"CNN/USA Today/Gallup Poll. Sept. 8-11, 2005. N=1,005 adults nationwide. Margin of error ± 3.","""Next, I'd like to get your overall opinion of some people in the news. As I read each name, please say if you have a favorable or unfavorable opinion of these people -- or if you have never heard of them. How about Secretary of State Condoleezza Rice?""",CNN/USA Today/Gallup Poll






"r.htm | Question 31"
"CNN/USA Today/Gallup Poll. March 18-20, 2005. N=909 adults nationwide. Margin of error ± 4.  "
"Do you approve or disapprove of the way Condoleezza Rice is handling her job as secretary of state?"
date,approve,disapprove,unsure,sample_size,margin_of_error,subpopulation,question_type,url,original,question,pollster
"=""3/18-20/05""",61,24,15,909,4,a,approval,http://www.pollingreport.com/r.htm,"CNN/USA Today/Gallup Poll. March 18-20, 2005. N=909 adults nationwide. Margin of error ± 4.  ","""Do you approve or disapprove of the way Condoleezza Rice is handling her job as secretary of state?""",CNN/USA Today/Gallup Poll






"r.htm | Question 32"
"FOX News/Opinion Dynamics Poll. April 25-26, 2005. N=900 registered voters nationwide. Margin of error ± 3.  "
"Do you approve or disapprove of the job Condoleezza Rice is doing as national security advisor?"
date,approve,disapprove,unsure,sample_size,margin_of_error,subpopulation,question_type,url,original,question,pollster
"=""4/21-22/04""",58,30,12,900,3,rv,approval,http://www.pollingreport.com/r.htm,"FOX News/Opinion Dynamics Poll. April 25-26, 2005. N=900 registered voters nationwide. Margin of error ± 3.  ","""Do you approve or disapprove of the job Condoleezza Rice is doing as national security advisor?""",FOX News/Opinion Dynamics Poll
"=""4/6-7/04""",47,26,27,,,,approval,http://www.pollingreport.com/r.htm,"FOX News/Opinion Dynamics Poll. April 25-26, 2005. N=900 registered voters nationwide. Margin of error ± 3.  ","""Do you approve or disapprove of the job Condoleezza Rice is doing as national security advisor?""",FOX News/Opinion Dynamics Poll
"=""10/03""",53,22,25,,,,approval,http://www.pollingreport.com/r.htm,"FOX News/Opinion Dynamics Poll. April 25-26, 2005. N=900 registered voters nationwide. Margin of error ± 3.  ","""Do you approve or disapprove of the job Condoleezza Rice is doing as national security advisor?""",FOX News/Opinion Dynamics Poll
"=""4/02""",50,11,39,,,,approval,http://www.pollingreport.com/r.htm,"FOX News/Opinion Dynamics Poll. April 25-26, 2005. N=900 registered voters nationwide. Margin of error ± 3.  ","""Do you approve or disapprove of the job Condoleezza Rice is doing as national security advisor?""",FOX News/Opinion Dynamics Poll
"=""11/01""",61,4,35,,,,approval,http://www.pollingreport.com/r.htm,"FOX News/Opinion Dynamics Poll. April 25-26, 2005. N=900 registered voters nationwide. Margin of error ± 3.  ","""Do you approve or disapprove of the job Condoleezza Rice is doing as national security advisor?""",FOX News/Opinion Dynamics Poll






"r.htm | Question 33"
"Time/CNN Poll conducted by Harris Interactive. April 8, 2004. N=1,005 adults nationwide. Margin of error ± 3.1.  "
"Do you have a generally favorable or generally unfavorable impression of National Security Adviser Condoleezza Rice, or are you not familiar enough with her to say one way or the other?"
date,favorable,unfavorable,not familiar,unsure,sample_size,margin_of_error,subpopulation,question_type,url,original,question,pollster
"=""4/04""",41,13,43,3,1005,3,a,favorability,http://www.pollingreport.com/r.htm,"Time/CNN Poll conducted by Harris Interactive. April 8, 2004. N=1,005 adults nationwide. Margin of error ± 3.1.  ","""Do you have a generally favorable or generally unfavorable impression of National Security Adviser Condoleezza Rice, or are you not familiar enough with her to say one way or the other?""",Time/CNN Poll conducted by Harris Interactive
"=""12/02""",45,14,40,1,,,,favorability,http://www.pollingreport.com/r.htm,"Time/CNN Poll conducted by Harris Interactive. April 8, 2004. N=1,005 adults nationwide. Margin of error ± 3.1.  ","""Do you have a generally favorable or generally unfavorable impression of National Security Adviser Condoleezza Rice, or are you not familiar enough with her to say one way or the other?""",Time/CNN Poll conducted by Harris Interactive
"=""5/02""",46,13,38,3,,,,favorability,http://www.pollingreport.com/r.htm,"Time/CNN Poll conducted by Harris Interactive. April 8, 2004. N=1,005 adults nationwide. Margin of error ± 3.1.  ","""Do you have a generally favorable or generally unfavorable impression of National Security Adviser Condoleezza Rice, or are you not familiar enough with her to say one way or the other?""",Time/CNN Poll conducted by Harris Interactive
"=""11/01""",46,9,43,2,,,,favorability,http://www.pollingreport.com/r.htm,"Time/CNN Poll conducted by Harris Interactive. April 8, 2004. N=1,005 adults nationwide. Margin of error ± 3.1.  ","""Do you have a generally favorable or generally unfavorable impression of National Security Adviser Condoleezza Rice, or are you not familiar enough with her to say one way or the other?""",Time/CNN Poll conducted by Harris Interactive






"r.htm | Question 34"
"FOX News/Opinion Dynamics Poll. April 6-7, 2004. N=900 registered voters nationwide. Margin of error ± 3.  "
"I'm going to read the names of some people. Please tell me whether you have a generally favorable or unfavorable opinion of each. If you've never heard of one, please just say so. Condoleezza Rice."
date,favorable,unfavorable,can't say (vol.),never heard of,sample_size,margin_of_error,subpopulation,question_type,url,original,question,pollster
"=""4/6-7/04""",45,22,23,10,900,3,rv,favorability,http://www.pollingreport.com/r.htm,"FOX News/Opinion Dynamics Poll. April 6-7, 2004. N=900 registered voters nationwide. Margin of error ± 3.  ","""I'm going to read the names of some people. Please tell me whether you have a generally favorable or unfavorable opinion of each. If you've never heard of one, please just say so. Condoleezza Rice.""",FOX News/Opinion Dynamics Poll
"=""2/4-5/04""",48,23,18,11,,,,favorability,http://www.pollingreport.com/r.htm,"FOX News/Opinion Dynamics Poll. April 6-7, 2004. N=900 registered voters nationwide. Margin of error ± 3.  ","""I'm going to read the names of some people. Please tell me whether you have a generally favorable or unfavorable opinion of each. If you've never heard of one, please just say so. Condoleezza Rice.""",FOX News/Opinion Dynamics Poll






"r.htm | Question 35"
"United Technologies/National Journal Congressional Connection Poll conducted by Princeton Survey Research Associates International. Nov. 29-Dec. 2, 2012. N=1,003 adults nationwide. Margin of error ± 3.6."
"As you may know, President Obama is considering nominating Susan Rice, the U.S. ambassador to the United Nations, to be Secretary of State. Some Republicans oppose her nomination because they say she provided misleading information about the role of terrorists in the recent attack on the U.S. consulate in Benghazi, Libya. Democrats say Rice was only relying on information about the attack provided to her at the time and that the president is entitled to place his own choice in the position. If the president nominates Rice as Secretary of State do you think the Senate should confirm her nomination or reject her nomination?"
date,confirm her nomination,reject her nomination,unsure/ refused,sample_size,margin_of_error,subpopulation,question_type,url,original,question,pollster
"=""11/29 - 12/2/12""",51,35,14,1003,3,a,unknown,http://www.pollingreport.com/r.htm,"United Technologies/National Journal Congressional Connection Poll conducted by Princeton Survey Research Associates International. Nov. 29-Dec. 2, 2012. N=1,003 adults nationwide. Margin of error ± 3.6.","""As you may know, President Obama is considering nominating Susan Rice, the U.S. ambassador to the United Nations, to be Secretary of State. Some Republicans oppose her nomination because they say she provided misleading information about the role of terrorists in the recent attack on the U.S. consulate in Benghazi, Libya. Democrats say Rice was only relying on information about the attack provided to her at the time and that the president is entitled to place his own choice in the position. If the president nominates Rice as Secretary of State do you think the Senate should confirm her nomination or reject her nomination?""",United Technologies/National Journal Congressional Connection Poll conducted by Princeton Survey Research Associates International






"r.htm | Question 36"
"CNN/ORC Poll. Nov. 16-18, 2012. N=1,023 adults nationwide. Margin of error ± 3."
"We'd like to get your overall opinion of some people in the news. As I read each name, please say if you have a favorable or unfavorable opinion of these people -- or if you have never heard of them. Susan Rice, the U.S. ambassador to the United Nations."
date,favorable,unfavorable,never heard of,unsure,sample_size,margin_of_error,subpopulation,question_type,url,original,question,pollster
"=""11/16-18/12""",35,26,21,18,1023,3,a,favorability,http://www.pollingreport.com/r.htm,"CNN/ORC Poll. Nov. 16-18, 2012. N=1,023 adults nationwide. Margin of error ± 3.","""We'd like to get your overall opinion of some people in the news. As I read each name, please say if you have a favorable or unfavorable opinion of these people -- or if you have never heard of them. Susan Rice, the U.S. ambassador to the United Nations.""",CNN/ORC Poll






"r.htm | Question 37"
"CNN/Opinion Research Corporation Poll. Sept. 7-9, 2007. N=1,017 adults nationwide. Margin of error ± 3."
"We'd like to get your overall opinion of some people in the news. As I read each name, please say if you have a favorable or unfavorable opinion of these people -- or if you have never heard of them. New Mexico Governor Bill Richardson."
date,favorable,unfavorable,never heard of,unsure,sample_size,margin_of_error,subpopulation,question_type,url,original,question,pollster
"=""9/7-9/07""",23,20,29,28,1017,3,a,favorability,http://www.pollingreport.com/r.htm,"CNN/Opinion Research Corporation Poll. Sept. 7-9, 2007. N=1,017 adults nationwide. Margin of error ± 3.","""We'd like to get your overall opinion of some people in the news. As I read each name, please say if you have a favorable or unfavorable opinion of these people -- or if you have never heard of them. New Mexico Governor Bill Richardson.""",CNN/Opinion Research Corporation Poll
"=""6/22-24/07""",27,18,31,23,,,,favorability,http://www.pollingreport.com/r.htm,"CNN/Opinion Research Corporation Poll. Sept. 7-9, 2007. N=1,017 adults nationwide. Margin of error ± 3.","""We'd like to get your overall opinion of some people in the news. As I read each name, please say if you have a favorable or unfavorable opinion of these people -- or if you have never heard of them. New Mexico Governor Bill Richardson.""",CNN/Opinion Research Corporation Poll






"r.htm | Question 38"
"Newsweek Poll conducted by Princeton Survey Research Associates International. July 2-3, 2007. N=1,002 adults nationwide. Margin of error ± 4."
"Next, please tell me if you have a favorable or unfavorable opinion of the following people in politics. If I mention someone you had never heard of before this interview, just tell me. What about Bill Richardson?"
date,favorable,unfavorable,never heard of,unsure,sample_size,margin_of_error,subpopulation,question_type,url,original,question,pollster
"=""7/2-3/07""",22,14,45,19,1002,4,a,favorability,http://www.pollingreport.com/r.htm,"Newsweek Poll conducted by Princeton Survey Research Associates International. July 2-3, 2007. N=1,002 adults nationwide. Margin of error ± 4.","""Next, please tell me if you have a favorable or unfavorable opinion of the following people in politics. If I mention someone you had never heard of before this interview, just tell me. What about Bill Richardson?""",Newsweek Poll conducted by Princeton Survey Research Associates International
"=""5/11-12/06""",24,7,54,15,,,,favorability,http://www.pollingreport.com/r.htm,"Newsweek Poll conducted by Princeton Survey Research Associates International. July 2-3, 2007. N=1,002 adults nationwide. Margin of error ± 4.","""Next, please tell me if you have a favorable or unfavorable opinion of the following people in politics. If I mention someone you had never heard of before this interview, just tell me. What about Bill Richardson?""",Newsweek Poll conducted by Princeton Survey Research Associates International






"r.htm | Question 39"
"CBS News Poll . June 26-28, 2007. N=750 registered voters nationwide."
"Is your opinion of Bill Richardson favorable, not favorable, undecided, or haven't you heard enough about Bill Richardson yet to have an opinion?"
date,favorable,not favorable,undecided,haven't heard,refused,sample_size,margin_of_error,subpopulation,question_type,url,original,question,pollster
"=""6/26-28/07""",7,10,14,67,2,750,,rv,favorability,http://www.pollingreport.com/r.htm,"CBS News Poll . June 26-28, 2007. N=750 registered voters nationwide.","""Is your opinion of Bill Richardson favorable, not favorable, undecided, or haven't you heard enough about Bill Richardson yet to have an opinion?""",CBS News Poll 
"=""1/1-3/07""",7,8,19,66,0,,,,favorability,http://www.pollingreport.com/r.htm,"CBS News Poll . June 26-28, 2007. N=750 registered voters nationwide.","""Is your opinion of Bill Richardson favorable, not favorable, undecided, or haven't you heard enough about Bill Richardson yet to have an opinion?""",CBS News Poll 






"r.htm | Question 40"
"USA Today/Gallup Poll. April 13-15, 2007. N=1,007 adults nationwide. Margin of error ± 3 ."
"Next, I'd like to get your overall opinion of some people in the news. As I read each name, please say if you have a favorable or unfavorable opinion of these people -- or if you have never heard of them. How about Bill Richardson?"
date,favorable,unfavorable,never heard of,unsure,sample_size,margin_of_error,subpopulation,question_type,url,original,question,pollster
"=""4/13-15/07""",18,18,45,19,1007,3,a,favorability,http://www.pollingreport.com/r.htm,"USA Today/Gallup Poll. April 13-15, 2007. N=1,007 adults nationwide. Margin of error ± 3 .","""Next, I'd like to get your overall opinion of some people in the news. As I read each name, please say if you have a favorable or unfavorable opinion of these people -- or if you have never heard of them. How about Bill Richardson?""",USA Today/Gallup Poll






"r.htm | Question 41"
"Quinnipiac University Poll. Nov. 13-19, 2006. N=1,623 registered voters nationwide. Margin of error ± 2.4."
"I'd like to get your feelings toward some of our political leaders and other people who have been in the news. I'll read the name of a person and I'd like you to rate that person using something called the feeling thermometer. You can choose any number between 0 and 100. The higher the number, the warmer or more favorable you feel toward that person, the lower the number, the colder or less favorable. If we come to a person who you haven't heard enough about to form an opinion, you don't need to rate the person. Just tell me and we'll move on to the next one. How do you feel about Bill Richardson?"
manually enter poll





"r.htm | Question 42"
"FOX News/Opinion Dynamics Poll. Jan. 29-30, 2003. N=900 registered voters nationwide. Margin of error ± 3."
"Do you approve or disapprove of the job Tom Ridge is doing as Secretary of Homeland Security?" *
manually enter poll





"r.htm | Question 43"
"Ipsos-Reid Express. Nov. 30-Dec. 2, 2001. N=1,000 adults nationwide.  "
"Do you approve or disapprove of the job
date,approve,disapprove,unsure,sample_size,margin_of_error,subpopulation,question_type,url,original,question,pollster
"=""11-12/01""",65,14,20,1000,,a,approval,http://www.pollingreport.com/r.htm,"Ipsos-Reid Express. Nov. 30-Dec. 2, 2001. N=1,000 adults nationwide.  ","""Do you approve or disapprove of the job",Ipsos-Reid Express






"r.htm | Question 44"
"Time/CNN Poll conducted by Harris Interactive. Dec. 17-18, 2002. N=1,006 adults nationwide. Margin of error ± 3.  "
"Next, I'm going to read you the names of some people in the news today. Please tell me whether you have generally favorable or generally unfavorable impressions of each, or whether you are not familiar enough to say one way or another. Director of Homeland Security Tom Ridge."
date,favorable,unfavorable,not familiar,unsure,sample_size,margin_of_error,subpopulation,question_type,url,original,question,pollster
"=""12/02""",36,17,43,4,1006,3,a,favorability,http://www.pollingreport.com/r.htm,"Time/CNN Poll conducted by Harris Interactive. Dec. 17-18, 2002. N=1,006 adults nationwide. Margin of error ± 3.  ","""Next, I'm going to read you the names of some people in the news today. Please tell me whether you have generally favorable or generally unfavorable impressions of each, or whether you are not familiar enough to say one way or another. Director of Homeland Security Tom Ridge.""",Time/CNN Poll conducted by Harris Interactive
"=""8/02""",30,16,51,3,,,,favorability,http://www.pollingreport.com/r.htm,"Time/CNN Poll conducted by Harris Interactive. Dec. 17-18, 2002. N=1,006 adults nationwide. Margin of error ± 3.  ","""Next, I'm going to read you the names of some people in the news today. Please tell me whether you have generally favorable or generally unfavorable impressions of each, or whether you are not familiar enough to say one way or another. Director of Homeland Security Tom Ridge.""",Time/CNN Poll conducted by Harris Interactive
"=""11/01""",38,10,48,4,,,,favorability,http://www.pollingreport.com/r.htm,"Time/CNN Poll conducted by Harris Interactive. Dec. 17-18, 2002. N=1,006 adults nationwide. Margin of error ± 3.  ","""Next, I'm going to read you the names of some people in the news today. Please tell me whether you have generally favorable or generally unfavorable impressions of each, or whether you are not familiar enough to say one way or another. Director of Homeland Security Tom Ridge.""",Time/CNN Poll conducted by Harris Interactive






"r.htm | Question 45"
"Gallup Poll. Sept. 5-8, 2013. N=760 adults nationwide. Margin of error ± 4."
"Do you approve or disapprove of the way John Roberts is handling his job as chief justice of the U.S. Supreme Court?"
date,approve,disapprove,unsure,sample_size,margin_of_error,subpopulation,question_type,url,original,question,pollster
"=""9/5-8/13""",55,34,11,760,4,a,approval,http://www.pollingreport.com/r.htm,"Gallup Poll. Sept. 5-8, 2013. N=760 adults nationwide. Margin of error ± 4.","""Do you approve or disapprove of the way John Roberts is handling his job as chief justice of the U.S. Supreme Court?""",Gallup Poll
"=""7/27 - 8/1/10""",48,27,25,,,,approval,http://www.pollingreport.com/r.htm,"Gallup Poll. Sept. 5-8, 2013. N=760 adults nationwide. Margin of error ± 4.","""Do you approve or disapprove of the way John Roberts is handling his job as chief justice of the U.S. Supreme Court?""",Gallup Poll






"r.htm | Question 46"
"Gallup Poll. July 10-14, 2013. N=2,027 adults nationwide. Margin of error ± 3."
"Next, we'd like to get your overall opinion of some people in the news. As I read each name, please say if you have a favorable or unfavorable opinion of these people -- or if you have never heard of them. How about
date,favorable,unfavorable,never heard of,unsure,sample_size,margin_of_error,subpopulation,question_type,url,original,question,pollster
"=""7/10-14/13""",31,27,22,20,2027,3,a,favorability,http://www.pollingreport.com/r.htm,"Gallup Poll. July 10-14, 2013. N=2,027 adults nationwide. Margin of error ± 3.","""Next, we'd like to get your overall opinion of some people in the news. As I read each name, please say if you have a favorable or unfavorable opinion of these people -- or if you have never heard of them. How about",Gallup Poll
"=""7/9-12/12""",39,29,17,14,,,,favorability,http://www.pollingreport.com/r.htm,"Gallup Poll. July 10-14, 2013. N=2,027 adults nationwide. Margin of error ± 3.","""Next, we'd like to get your overall opinion of some people in the news. As I read each name, please say if you have a favorable or unfavorable opinion of these people -- or if you have never heard of them. How about",Gallup Poll
"=""9/8-11/05""",50,17,14,19,,,,favorability,http://www.pollingreport.com/r.htm,"Gallup Poll. July 10-14, 2013. N=2,027 adults nationwide. Margin of error ± 3.","""Next, we'd like to get your overall opinion of some people in the news. As I read each name, please say if you have a favorable or unfavorable opinion of these people -- or if you have never heard of them. How about",Gallup Poll
"=""7/22-24/05""",46,13,19,22,,,,favorability,http://www.pollingreport.com/r.htm,"Gallup Poll. July 10-14, 2013. N=2,027 adults nationwide. Margin of error ± 3.","""Next, we'd like to get your overall opinion of some people in the news. As I read each name, please say if you have a favorable or unfavorable opinion of these people -- or if you have never heard of them. How about",Gallup Poll






"r.htm | Question 47"
"CNN/ORC Poll. June 28-July 1, 2012. N=1,517 adults nationwide. Margin of error ± 2.5."
"We'd like to get your overall opinion of some people in the news. As I read each name, please say if you have a favorable or unfavorable opinion of these people -- or if you have never heard of them. Supreme Court Chief Justice John Roberts."
date,favorable,unfavorable,never heard of,unsure,sample_size,margin_of_error,subpopulation,question_type,url,original,question,pollster
"=""6/28 - 7/1/12""",41,24,21,14,1517,2,a,favorability,http://www.pollingreport.com/r.htm,"CNN/ORC Poll. June 28-July 1, 2012. N=1,517 adults nationwide. Margin of error ± 2.5.","""We'd like to get your overall opinion of some people in the news. As I read each name, please say if you have a favorable or unfavorable opinion of these people -- or if you have never heard of them. Supreme Court Chief Justice John Roberts.""",CNN/ORC Poll






"r.htm | Question 48"
"The Harris Poll. Sept. 8-11, 2006. N=1,004 adults nationwide. Margin of error ± 3.  "
"How would you rate the job U.S. Supreme Court Chief Justice John Roberts is doing: excellent, pretty good, only fair, or poor?"
date,excellent/ pretty good,only fair/ poor,sample_size,margin_of_error,subpopulation,question_type,url,original,question,pollster
"=""9/8-11/06""",42,38,1004,3,a,approval,http://www.pollingreport.com/r.htm,"The Harris Poll. Sept. 8-11, 2006. N=1,004 adults nationwide. Margin of error ± 3.  ","""How would you rate the job U.S. Supreme Court Chief Justice John Roberts is doing: excellent, pretty good, only fair, or poor?""",The Harris Poll
"=""6/2-5/06""",41,41,,,,approval,http://www.pollingreport.com/r.htm,"The Harris Poll. Sept. 8-11, 2006. N=1,004 adults nationwide. Margin of error ± 3.  ","""How would you rate the job U.S. Supreme Court Chief Justice John Roberts is doing: excellent, pretty good, only fair, or poor?""",The Harris Poll
"=""3/3-7/06""",41,36,,,,approval,http://www.pollingreport.com/r.htm,"The Harris Poll. Sept. 8-11, 2006. N=1,004 adults nationwide. Margin of error ± 3.  ","""How would you rate the job U.S. Supreme Court Chief Justice John Roberts is doing: excellent, pretty good, only fair, or poor?""",The Harris Poll






"r.htm | Question 49"
"CBS News/New York Times Poll. Sept. 9-13, 2005. N=1,167 adults nationwide. Margin of error ± 3."
"Is your opinion of Supreme Court chief justice nominee John Roberts favorable, not favorable, undecided, or haven't you heard enough about John Roberts yet to have an opinion?"
date,favorable,not favorable,undecided,haven't heard,sample_size,margin_of_error,subpopulation,question_type,url,original,question,pollster
"=""9/9-13/05""",25,8,20,46,1167,3,a,favorability,http://www.pollingreport.com/r.htm,"CBS News/New York Times Poll. Sept. 9-13, 2005. N=1,167 adults nationwide. Margin of error ± 3.","""Is your opinion of Supreme Court chief justice nominee John Roberts favorable, not favorable, undecided, or haven't you heard enough about John Roberts yet to have an opinion?""",CBS News/New York Times Poll
"=""8/29-31/05""",22,8,24,45,,,,favorability,http://www.pollingreport.com/r.htm,"CBS News/New York Times Poll. Sept. 9-13, 2005. N=1,167 adults nationwide. Margin of error ± 3.","""Is your opinion of Supreme Court chief justice nominee John Roberts favorable, not favorable, undecided, or haven't you heard enough about John Roberts yet to have an opinion?""",CBS News/New York Times Poll
"=""7/29 - 8/2/05""",25,7,17,51,,,,favorability,http://www.pollingreport.com/r.htm,"CBS News/New York Times Poll. Sept. 9-13, 2005. N=1,167 adults nationwide. Margin of error ± 3.","""Is your opinion of Supreme Court chief justice nominee John Roberts favorable, not favorable, undecided, or haven't you heard enough about John Roberts yet to have an opinion?""",CBS News/New York Times Poll






"r.htm | Question 50"
"NBC News/Wall Street Journal Poll conducted by the polling organizations of Peter Hart (D) and Bill McInturff (R). Sept. 9-12, 2005. N=1,013 adults nationwide. Margin of error ± 3.1."
"Now I'm going to read you the names of several public figures and organizations, and I'd like you to rate your feelings toward each one as either very positive, somewhat positive, neutral, somewhat negative, or very negative. If you don't know the name, please just say so. John Roberts."
date,very positive,somewhat positive,neutral,somewhat negative,very negative,don't know name/not sure,sample_size,margin_of_error,subpopulation,question_type,url,original,question,pollster
"=""9/9-12/05""",17,15,23,9,5,31,1013,3,a,thermometer,http://www.pollingreport.com/r.htm,"NBC News/Wall Street Journal Poll conducted by the polling organizations of Peter Hart (D) and Bill McInturff (R). Sept. 9-12, 2005. N=1,013 adults nationwide. Margin of error ± 3.1.","""Now I'm going to read you the names of several public figures and organizations, and I'd like you to rate your feelings toward each one as either very positive, somewhat positive, neutral, somewhat negative, or very negative. If you don't know the name, please just say so. John Roberts.""",NBC News/Wall Street Journal Poll conducted by the polling organizations of Peter Hart (D) and Bill McInturff (R)






"r.htm | Question 51"
"FOX News/Opinion Dynamics Poll. Aug. 30-31, 2005. N=900 registered voters nationwide. Margin of error ± 3."
"I'm going to read you the names of several individuals. Please tell me whether you have a favorable or unfavorable opinion of each one. If you've never heard of someone please just say so. John Roberts."
date,favorable,unfavorable,can't say (vol.),never heard of,sample_size,margin_of_error,subpopulation,question_type,url,original,question,pollster
"=""8/30-31/05""",32,12,26,30,900,3,rv,favorability,http://www.pollingreport.com/r.htm,"FOX News/Opinion Dynamics Poll. Aug. 30-31, 2005. N=900 registered voters nationwide. Margin of error ± 3.","""I'm going to read you the names of several individuals. Please tell me whether you have a favorable or unfavorable opinion of each one. If you've never heard of someone please just say so. John Roberts.""",FOX News/Opinion Dynamics Poll






"r.htm | Question 52"
"CNN/Opinion Research Corporation Poll. Feb. 12-15, 2010. N=1,023 adults nationwide. Margin of error ± 3."
"We'd like to get your overall opinion of some people in the news. As I read each name, please say if you have a favorable or unfavorable opinion of these people -- or if you have never heard of them. Pat Robertson."
date,favorable,unfavorable,never heard of,unsure,sample_size,margin_of_error,subpopulation,question_type,url,original,question,pollster
"=""2/12-15/10""",25,44,20,12,1023,3,a,favorability,http://www.pollingreport.com/r.htm,"CNN/Opinion Research Corporation Poll. Feb. 12-15, 2010. N=1,023 adults nationwide. Margin of error ± 3.","""We'd like to get your overall opinion of some people in the news. As I read each name, please say if you have a favorable or unfavorable opinion of these people -- or if you have never heard of them. Pat Robertson.""",CNN/Opinion Research Corporation Poll






"r.htm | Question 53"
"NBC News/Wall Street Journal Poll conducted by the polling organizations of Peter Hart (D) and Robert Teeter (R). March 2-5, 2000. N=1,213 adults nationwide."
"I'm going to read you the names of several public figures, groups, and institutions, and I'd like you to rate your feelings toward each one as either very positive, somewhat positive, neutral, somewhat negative, or very negative. If you don't know the name, please just say so. Pat Robertson."
date,very positive,somewhat positive,neutral,somewhat negative,very negative,don't know name/not sure,sample_size,margin_of_error,subpopulation,question_type,url,original,question,pollster
"=""3/2-5/00""",5,11,23,17,25,19,1213,,a,thermometer,http://www.pollingreport.com/r.htm,"NBC News/Wall Street Journal Poll conducted by the polling organizations of Peter Hart (D) and Robert Teeter (R). March 2-5, 2000. N=1,213 adults nationwide.","""I'm going to read you the names of several public figures, groups, and institutions, and I'd like you to rate your feelings toward each one as either very positive, somewhat positive, neutral, somewhat negative, or very negative. If you don't know the name, please just say so. Pat Robertson.""",NBC News/Wall Street Journal Poll conducted by the polling organizations of Peter Hart (D) and Robert Teeter (R)






