Info on accessing state poll data,http://www.pollingreport.com/nletter.htm
POLITICS & POLICY,http://www.pollingreport.com/POLPOL.htm
BUSINESS &,http://www.pollingreport.com/economy.htm
AMERICAN SCENE,http://www.pollingreport.com/scene.htm
Table of contents,http://www.pollingreport.com/Contents.htm
Article archive,http://www.pollingreport.com/insights.htm
y research,http://www.pollingreport.com/jobbank.htm
President Obama,http://www.pollingreport.com/obama.htm
Congress,http://www.pollingreport.com/congress.htm
Supreme Court,http://www.pollingreport.com/court.htm
Direction of the country,http://www.pollingreport.com/right.htm
National priorities,http://www.pollingreport.com/prioriti.htm
Elections,http://www.pollingreport.com/elections.htm
2016: White House,http://www.pollingreport.com/2016.htm
2016: Congress,http://www.pollingreport.com/cong2016.htm
Republicans in Congress,http://www.pollingreport.com/cong_rep.htm
Democrats in Congress,http://www.pollingreport.com/cong_dem.htm
Donald Trump,http://www.pollingreport.com/S-Z.htm
Ted Cruz,http://www.pollingreport.com/C2.htm
Hillary Clinton,http://www.pollingreport.com/hrc.htm
GOP convention scenarios,http://www.pollingreport.com/wh16.htm
Democrats vs. Republicans,http://www.pollingreport.com/dvsr.htm
A wall on the border with Mexico?,http://www.pollingreport.com/immigration.htm
Access to health care,http://www.pollingreport.com/health.htm
The next generation,http://www.pollingreport.com/life.htm
Same-sex marriage,http://www.pollingreport.com/civil.htm
Fracking,http://www.pollingreport.com/energy.htm
Int'l trade and the U.S. economy,http://www.pollingreport.com/trade.htm
Abortion,http://www.pollingreport.com/abortion.htm
John Kasich,http://www.pollingreport.com/k.htm
Paul Ryan,http://www.pollingreport.com/r2.htm
Bill Clinton,http://www.pollingreport.com/clinton1.htm
Joe Biden,http://www.pollingreport.com/A-B.htm
Democratic Party,http://www.pollingreport.com/dem.htm
Republican Party,http://www.pollingreport.com/rep.htm
Cuba,http://www.pollingreport.com/cuba.htm
Apple and the FBI,http://www.pollingreport.com/terror.htm
Women in the armed services,http://www.pollingreport.com/military.htm
A woman president?,http://www.pollingreport.com/politics.htm
Is the U.S. economic system fair?,http://www.pollingreport.com/budget.htm
Syria,http://www.pollingreport.com/syria.htm
George W. Bush,http://www.pollingreport.com/BushFav.htm
Ben Carson,http://www.pollingreport.com/c.htm
Gun laws,http://www.pollingreport.com/guns.htm
President Obama: Issue by issue,http://www.pollingreport.com/obama_ad.htm
ISIS,http://www.pollingreport.com/isis.htm
Sports accomplishments,http://www.pollingreport.com/sports.htm
Most admired man and woman,http://www.pollingreport.com/people.htm
Global warming,http://www.pollingreport.com/enviro.htm
Politicians and Christmas,http://www.pollingreport.com/religion.htm
Nancy Pelosi,http://www.pollingreport.com/p.htm
Mitch McConnell,http://www.pollingreport.com/l.htm
Marijuana,http://www.pollingreport.com/drugs.htm
Death penalty,http://www.pollingreport.com/crime.htm
Iran and nuclear weapons,http://www.pollingreport.com/iran.htm
Black Lives Matter movement,http://www.pollingreport.com/race.htm
Chief Justice Roberts,http://www.pollingreport.com/r.htm
Michelle Obama,http://www.pollingreport.com/o.htm
Foreign Affairs,http://www.pollingreport.com/defense.htm
Afghanistan,http://www.pollingreport.com/afghan.htm
China,http://www.pollingreport.com/china.htm
Iraq,http://www.pollingreport.com/iraq.htm
Israel and the Palestinians,http://www.pollingreport.com/israel.htm
"Korea, North and South",http://www.pollingreport.com/korea.htm
Libya,http://www.pollingreport.com/libya.htm
Russia,http://www.pollingreport.com/russia.htm
Issues,http://www.pollingreport.com/issues.htm
Education,http://www.pollingreport.com/ed.htm
Food,http://www.pollingreport.com/food.htm
Labor unions,http://www.pollingreport.com/work.htm
Major trends,http://www.pollingreport.com/gallery.htm
Elections/Politics,http://www.pollingreport.com/gallery2.htm
Issues,http://www.pollingreport.com/gallery3.htm
,http://www.pollingreport.com/index.html
SEARCH THE SITE,http://www.pollingreport.com/search.htm
Home,http://www.pollingreport.com/
White House,http://www.pollingreport.com/wh.htm
"Politics, parties, politicians",http://www.pollingreport.com/pic.htm
Economic Outlook,http://www.pollingreport.com/consumer.htm
Business Issues in the News,http://www.pollingreport.com/business.htm
Investing,http://www.pollingreport.com/invest.htm
"Brands, Companies, Industries",http://www.pollingreport.com/brands.htm
Institutions,http://www.pollingreport.com/institut.htm
,http://www.pollingreport.com/news.htm
Animals,http://www.pollingreport.com/animals.htm
Computers & Technology,http://www.pollingreport.com/computer.htm
Entertainment,http://www.pollingreport.com/showbiz.htm
Hollywood and Beyond,http://www.pollingreport.com/hollywoo.htm
Journalism,http://www.pollingreport.com/media.htm
Music,http://www.pollingreport.com/music.htm
Places,http://www.pollingreport.com/places.htm
Science and Nature,http://www.pollingreport.com/science.htm
Transportation,http://www.pollingreport.com/transpor.htm
Values,http://www.pollingreport.com/values.htm
21st Century,http://www.pollingreport.com/21st.htm
20th Century,http://www.pollingreport.com/20th.htm
11-Sep,http://www.pollingreport.com/911.htm
Obama Administration (2),http://www.pollingreport.com/obama_ad2.htm
Obama Administration (3),http://www.pollingreport.com/obama_ad3.htm
Obama Administration (4),http://www.pollingreport.com/obama_ad4.htm
Obama Administration (5),http://www.pollingreport.com/obama_ad5.htm
Obama Administration (6),http://www.pollingreport.com/obama_ad6.htm
Obama Administration (7),http://www.pollingreport.com/obama_ad7.htm
Obama Administration (8),http://www.pollingreport.com/obama_ad8.htm
Obama Administration (9),http://www.pollingreport.com/obama_ad9.htm
Obama Administration (10),http://www.pollingreport.com/obama_ad10.htm
Obama Administration (11),http://www.pollingreport.com/obama_ad11.htm
Obama Administration (12),http://www.pollingreport.com/obama_ad12.htm
Obama Administration (13),http://www.pollingreport.com/obama_ad13.htm
Obama Administration (14),http://www.pollingreport.com/obama_ad14.htm
Obama: Job Ratings,http://www.pollingreport.com/obama_job.htm
Obama: Gallup tracking,http://www.pollingreport.com/obama_job1.htm
Obama: Gallup tracking (2),http://www.pollingreport.com/obama_job1a.htm
Obama: Job rating details,http://www.pollingreport.com/obama_job2.htm
Obama: Favorability,http://www.pollingreport.com/obama_fav.htm
Bush,http://www.pollingreport.com/bush.htm
Bush: Job Ratings,http://www.pollingreport.com/BushJob.htm
Bush: Job Ratings (1),http://www.pollingreport.com/BushJob1.htm
Bush: Job Ratings (2),http://www.pollingreport.com/bushjob2.htm
Bush: Job Ratings (3),http://www.pollingreport.com/bushjob3.htm
Bush Administration,http://www.pollingreport.com/bush_ad.htm
Bush Administration (2),http://www.pollingreport.com/bush_ad2.htm
Bush: Favorability (2),http://www.pollingreport.com/bushfav2.htm
Leak Probe,http://www.pollingreport.com/whprobe.htm
Clinton,http://www.pollingreport.com/clinton.htm
Clinton: Job Ratings,http://www.pollingreport.com/clinton-.htm
Clinton: Scandals,http://www.pollingreport.com/scandals.htm
Clinton Scandals I,http://www.pollingreport.com/scandal1.htm
Clinton: Scandals II,http://www.pollingreport.com/scandal2.htm
Clinton: Scandals III,http://www.pollingreport.com/scandal3.htm
Clinton: Scandals IV,http://www.pollingreport.com/scandal4.htm
Presidents & History,http://www.pollingreport.com/wh-hstry.htm
Congress: Job Ratings,http://www.pollingreport.com/CongJob.htm
Congress: Job Ratings (1),http://www.pollingreport.com/CongJob1.htm
Judiciary (2),http://www.pollingreport.com/court2.htm
Judiciary (3),http://www.pollingreport.com/court3.htm
WH2016: General,http://www.pollingreport.com/wh16gen.htm
WH2016: Democrats,http://www.pollingreport.com/wh16dem.htm
WH2016: Republicans,http://www.pollingreport.com/wh16rep.htm
Election 2014,http://www.pollingreport.com/2014.htm
Election 2012,http://www.pollingreport.com/2012.htm
Campaign 2012,http://www.pollingreport.com/wh12.htm
Campaign 2012 (2),http://www.pollingreport.com/wh12b.htm
Campaign 2012 (3),http://www.pollingreport.com/wh12c.htm
Campaign 2012 (4),http://www.pollingreport.com/wh12d.htm
WH2012: General,http://www.pollingreport.com/wh12gen.htm
WH2012: General (2),http://www.pollingreport.com/wh12gen2.htm
WH2012: General (3),http://www.pollingreport.com/wh12gen3.htm
WH2012: General (4),http://www.pollingreport.com/wh12gen4.htm
WH2012: General (5),http://www.pollingreport.com/wh12gen5.htm
WH2012: Tracking,http://www.pollingreport.com/wh12gent.htm
WH2012: Republicans,http://www.pollingreport.com/wh12rep.htm
WH2012: Republicans (2),http://www.pollingreport.com/wh12rep2.htm
WH2012: Republicans (3),http://www.pollingreport.com/wh12rep3.htm
WH2012: Democrats,http://www.pollingreport.com/wh12dem.htm
Congress 2012,http://www.pollingreport.com/cong2012.htm
Election 2010,http://www.pollingreport.com/2010.htm
Election 2008,http://www.pollingreport.com/2008.htm
Campaign 2008,http://www.pollingreport.com/wh08.htm
Campaign 2008 (2),http://www.pollingreport.com/wh08a.htm
Campaign 2008 (3),http://www.pollingreport.com/wh08b.htm
WH2008: General,http://www.pollingreport.com/wh08gen.htm
WH2008: General (2),http://www.pollingreport.com/wh08gen2.htm
WH2008: General (3),http://www.pollingreport.com/wh08gen3.htm
WH2008: General (4),http://www.pollingreport.com/wh08gen4.htm
WH2008: Democrats,http://www.pollingreport.com/wh08dem.htm
WH2008: Democrats (2),http://www.pollingreport.com/wh08dem2.htm
WH2008: Republicans,http://www.pollingreport.com/wh08rep.htm
WH2008: Republicans (2),http://www.pollingreport.com/wh08rep2.htm
Congress 2008,http://www.pollingreport.com/cong2008.htm
Election 2006,http://www.pollingreport.com/2006.htm
Election 2006 (2),http://www.pollingreport.com/2006a.htm
Election 2004,http://www.pollingreport.com/2004.htm
White House 2004,http://www.pollingreport.com/wh2004.htm
WH2004: Misc.,http://www.pollingreport.com/wh04misc.htm
WH2004: Misc. (2),http://www.pollingreport.com/wh04misc2.htm
WH2004: Summary,http://www.pollingreport.com/wh04two.htm
WH2004: Multi,http://www.pollingreport.com/wh04mult.htm
WH2004: Tracking,http://www.pollingreport.com/wh04trak.htm
WH2004: Full,http://www.pollingreport.com/wh04gen.htm
WH2004: General (2),http://www.pollingreport.com/wh04gen2.htm
WH2004: General (3),http://www.pollingreport.com/wh04gen3.htm
WH2004: General (4),http://www.pollingreport.com/wh04gen4.htm
WH2004: General (5),http://www.pollingreport.com/wh04gen5.htm
WH2004: General (6),http://www.pollingreport.com/wh04gen6.htm
WH2004: Primaries,http://www.pollingreport.com/wh04dem.htm
WH2004: Primaries (2),http://www.pollingreport.com/wh04dem2.htm
Congress 2004,http://www.pollingreport.com/cong2004.htm
Election 2002,http://www.pollingreport.com/2002.htm
Election 2000,http://www.pollingreport.com/2000.htm
White House 2000,http://www.pollingreport.com/white.htm
WH2000: Trial Heats,http://www.pollingreport.com/wh2gen1.htm
WH2000: General (Archive),http://www.pollingreport.com/wh2gen2.htm
WH2000: Democrats,http://www.pollingreport.com/wh2dem.htm
WH2000: Republicans,http://www.pollingreport.com/wh2rep.htm
WH2000: 3rd,http://www.pollingreport.com/wh2third.htm
WH2000 Trend,http://www.pollingreport.com/wh2genT.htm
WH2000: The Candidates,http://www.pollingreport.com/wh2cand.htm
WH2000: Vice President,http://www.pollingreport.com/wh2vp.htm
WH2000: Post-Election Polls,http://www.pollingreport.com/wh2post.htm
WH2000: Grading Campaign 2000,http://www.pollingreport.com/wh2post2.htm
"WH2000: Post-Election Polls, November",http://www.pollingreport.com/wh2post3.htm
Congress 2000,http://www.pollingreport.com/u_s.htm
2000 U.S. House Generic Ballot,http://www.pollingreport.com/house2k.htm
Election 1998,http://www.pollingreport.com/1998.htm
Priorities (2),http://www.pollingreport.com/prioriti2.htm
Priorities (3),http://www.pollingreport.com/prioriti3.htm
Priorities (4),http://www.pollingreport.com/prioriti4.htm
Abortion (2),http://www.pollingreport.com/abortion2.htm
Budget/Taxes (2),http://www.pollingreport.com/budget2.htm
Budget/Taxes (3),http://www.pollingreport.com/budget3.htm
Budget/Taxes (4),http://www.pollingreport.com/budget4.htm
Budget/Taxes (5),http://www.pollingreport.com/budget5.htm
Budget/Taxes (6),http://www.pollingreport.com/budget6.htm
Budget/Taxes (7),http://www.pollingreport.com/budget7.htm
Budget/Taxes (8),http://www.pollingreport.com/budget8.htm
Budget/Taxes (9),http://www.pollingreport.com/budget9.htm
Budget/Taxes (10),http://www.pollingreport.com/budget10.htm
Budget/Taxes (11),http://www.pollingreport.com/budget11.htm
Crime (2),http://www.pollingreport.com/crime2.htm
Disasters,http://www.pollingreport.com/disasters.htm
Disasters (2),http://www.pollingreport.com/disasters2.htm
Disasters (3),http://www.pollingreport.com/disasters3.htm
Education (2),http://www.pollingreport.com/ed2.htm
Education (3),http://www.pollingreport.com/ed3.htm
Energy (2),http://www.pollingreport.com/energy2.htm
Energy (3),http://www.pollingreport.com/energy3.htm
Energy (4),http://www.pollingreport.com/energy4.htm
Environment (2),http://www.pollingreport.com/enviro2.htm
Environment (3),http://www.pollingreport.com/enviro3.htm
Terrorism (2),http://www.pollingreport.com/terror2.htm
Terrorism (3),http://www.pollingreport.com/terror3.htm
Terrorism (4),http://www.pollingreport.com/terror4.htm
Terrorism (5),http://www.pollingreport.com/terror5.htm
Terrorism (6),http://www.pollingreport.com/terror6.htm
Terrorism (7),http://www.pollingreport.com/terror7.htm
Terrorism (8),http://www.pollingreport.com/terror8.htm
Terrorism (9),http://www.pollingreport.com/terror9.htm
Terrorism (10),http://www.pollingreport.com/terror10.htm
Terrorism (11),http://www.pollingreport.com/terror11.htm
Terrorism (12),http://www.pollingreport.com/terror12.htm
Military (2),http://www.pollingreport.com/military2.htm
Nations,http://www.pollingreport.com/nations.htm
Afghanistan (2),http://www.pollingreport.com/afghan2.htm
Canada,http://www.pollingreport.com/canada.htm
Egypt,http://www.pollingreport.com/egypt.htm
France,http://www.pollingreport.com/france.htm
Germany,http://www.pollingreport.com/germany.htm
Haiti,http://www.pollingreport.com/haiti.htm
India,http://www.pollingreport.com/india.htm
Iraq (2),http://www.pollingreport.com/iraq2.htm
Iraq (3),http://www.pollingreport.com/iraq3.htm
Iraq (4),http://www.pollingreport.com/iraq4.htm
Iraq (5),http://www.pollingreport.com/iraq5.htm
Iraq (6),http://www.pollingreport.com/iraq6.htm
Iraq (7),http://www.pollingreport.com/iraq7.htm
Iraq (8),http://www.pollingreport.com/iraq8.htm
Iraq (9),http://www.pollingreport.com/iraq9.htm
Iraq (10),http://www.pollingreport.com/iraq10.htm
Iraq (11),http://www.pollingreport.com/iraq11.htm
Iraq (12),http://www.pollingreport.com/iraq12.htm
Iraq (13),http://www.pollingreport.com/iraq13.htm
Iraq (14),http://www.pollingreport.com/iraq14.htm
Iraq (15),http://www.pollingreport.com/iraq15.htm
Iraq (16),http://www.pollingreport.com/iraq16.htm
Iraq (17),http://www.pollingreport.com/iraq17.htm
Iraq (18),http://www.pollingreport.com/iraq18.htm
Iraq (19),http://www.pollingreport.com/iraq19.htm
Israel/Palestinians (2),http://www.pollingreport.com/israel2.htm
Israel/Palestinians (3),http://www.pollingreport.com/israel3.htm
Japan,http://www.pollingreport.com/japan.htm
Liberia,http://www.pollingreport.com/liberia.htm
Mexico,http://www.pollingreport.com/mexico.htm
Northern Ireland,http://www.pollingreport.com/nireland.htm
Pakistan,http://www.pollingreport.com/pakistan.htm
Russia (2),http://www.pollingreport.com/russia2.htm
Saudi Arabia,http://www.pollingreport.com/saudi.htm
Serbia/Yugoslavia/Kosovo,http://www.pollingreport.com/serb9906.htm
Serbia/Yugoslavia (2),http://www.pollingreport.com/serb9905.htm
Serbia/Yugoslavia (3),http://www.pollingreport.com/serb9904.htm
Serbia/Yugoslavia (4),http://www.pollingreport.com/serb9903.htm
Sudan,http://www.pollingreport.com/sudan.htm
Syria (2),http://www.pollingreport.com/syria2.htm
Ukraine,http://www.pollingreport.com/ukraine.htm
Venezuela,http://www.pollingreport.com/venezuela.htm
Vietnam,http://www.pollingreport.com/vietnam.htm
Guns (2),http://www.pollingreport.com/guns2.htm
Guns (3),http://www.pollingreport.com/guns3.htm
Health Policy (2),http://www.pollingreport.com/health2.htm
Health Policy (3),http://www.pollingreport.com/health3.htm
Health Policy (4),http://www.pollingreport.com/health4.htm
Health Policy (5),http://www.pollingreport.com/health5.htm
Health Policy (6),http://www.pollingreport.com/health6.htm
Health Policy (7),http://www.pollingreport.com/health7.htm
Health Policy (8),http://www.pollingreport.com/health8.htm
Health Policy (9),http://www.pollingreport.com/health9.htm
Health Policy (10),http://www.pollingreport.com/health10.htm
Health Policy (11),http://www.pollingreport.com/health11.htm
Health Policy (12),http://www.pollingreport.com/health12.htm
Health Policy (13),http://www.pollingreport.com/health13.htm
Health Policy (14),http://www.pollingreport.com/health14.htm
Illegal Drugs (2),http://www.pollingreport.com/drugs2.htm
Immigration (2),http://www.pollingreport.com/immigration2.htm
Immigration (3),http://www.pollingreport.com/immigration3.htm
Immigration (4),http://www.pollingreport.com/immigration4.htm
Civil Rights (2),http://www.pollingreport.com/civil2.htm
Law/Civil Rights (3),http://www.pollingreport.com/civil3.htm
Race and Ethnicity (2),http://www.pollingreport.com/race2.htm
Social Security,http://www.pollingreport.com/social.htm
Social Security (2),http://www.pollingreport.com/social2.htm
Social Security (3),http://www.pollingreport.com/social3.htm
Space,http://www.pollingreport.com/space.htm
Space (2),http://www.pollingreport.com/space2.htm
Politics (2),http://www.pollingreport.com/politics2.htm
Politics (3),http://www.pollingreport.com/politics3.htm
Politics (4),http://www.pollingreport.com/politics4.htm
Politics (5),http://www.pollingreport.com/politics5.htm
Political parties,http://www.pollingreport.com/parties.htm
Ds vs. Rs (2),http://www.pollingreport.com/dvsr2.htm
Ds vs. Rs (3),http://www.pollingreport.com/dvsr3.htm
Ds vs. Rs (4),http://www.pollingreport.com/dvsr4.htm
Political Figures: Hillary Clinton (2),http://www.pollingreport.com/hrc2.htm
Political Figures: D,http://www.pollingreport.com/d.htm
Political Figures: E-F,http://www.pollingreport.com/e-f.htm
Political Figures: G,http://www.pollingreport.com/g.htm
Political Figures: H-J,http://www.pollingreport.com/h-j.htm
Direction of Country (2),http://www.pollingreport.com/right2.htm
Business News (2),http://www.pollingreport.com/business2.htm
Business News (3),http://www.pollingreport.com/business3.htm
Business News Archive,http://www.pollingreport.com/bnews2.htm
Economic Outlook (2),http://www.pollingreport.com/consumer2.htm
Economic Outlook (3),http://www.pollingreport.com/consumer3.htm
Consumer Index Methodologies,http://www.pollingreport.com/confbrd.htm
Investing (2),http://www.pollingreport.com/invest2.htm
"Brands, Companies, Industries (2)",http://www.pollingreport.com/brands2.htm
Miscellany (2),http://www.pollingreport.com/news2.htm
Miscellany (3),http://www.pollingreport.com/news3.htm
Miscellany (4),http://www.pollingreport.com/news4.htm
Animals (2),http://www.pollingreport.com/animals2.htm
Computers (2),http://www.pollingreport.com/computer2.htm
Journalism (2),http://www.pollingreport.com/media2.htm
Life (2),http://www.pollingreport.com/life2.htm
Religion (2),http://www.pollingreport.com/religion2.htm
Religion (3),http://www.pollingreport.com/religion3.htm
Baseball,http://www.pollingreport.com/baseball.htm
Baseball (2),http://www.pollingreport.com/baseball2.htm
Basketball,http://www.pollingreport.com/basketba.htm
Football,http://www.pollingreport.com/football.htm
Olympics,http://www.pollingreport.com/olympics.htm
Olympics (2),http://www.pollingreport.com/olympics2.htm
21st Century (2),http://www.pollingreport.com/21st2.htm
Work (2),http://www.pollingreport.com/work2.htm
9/11 (2),http://www.pollingreport.com/911b.htm
"Perot, Bush, Clinton",http://www.pollingreport.com/hibbitts1202.htm
Withstanding the Wave,http://www.pollingreport.com/a2010nv.htm
Rise of Robopolling,http://www.pollingreport.com/md1011.htm
Marriage and the Courts,http://www.pollingreport.com/penp0908.htm
Delegates and the Democrats,http://www.pollingreport.com/delegates.htm
How to Forecast an Election,http://www.pollingreport.com/lvw_bet.htm
Case for Online Polls,http://www.pollingreport.com/ht_online.htm
Presidency on Life Support,http://www.pollingreport.com/whitejk.htm
Iowa Caucuses,http://www.pollingreport.com/as2004ia.htm
2000: Clinton's Coattails,http://www.pollingreport.com/beyle.htm
NAES 2000,http://www.pollingreport.com/naes2000.htm
Support for Clinton,http://www.pollingreport.com/brody.htm
Sampling Error,http://www.pollingreport.com/sampling.htm
Incumbent Rule,http://www.pollingreport.com/incumbent.htm
Focus Groups,http://www.pollingreport.com/focus.htm
Internet Polling,http://www.pollingreport.com/internet.htm
Questions,http://www.pollingreport.com/ncpp.htm
"Accuracy of State Polls, 2002",http://www.pollingreport.com/ncpp1.htm
Random Samples,http://www.pollingreport.com/random.htm
Random Samples (2),http://www.pollingreport.com/random2.htm
Random Samples (3),http://www.pollingreport.com/random3.htm
Random Samples (4),http://www.pollingreport.com/random4.htm
Gallery: Issues (2),http://www.pollingreport.com/gallery3a.htm
Advertise on PollingReport.com,http://www.pollingreport.com/advert.htm
,http://www.pollingreport.com/institut2.htm
Advertise on PollingReport.com,http://www.pollingreport.com/_private/advert.htm
,http://www.pollingreport.com/Documents%20and%20Settings/Owner/My%20Documents/prHOST/2004track.htm
Vice President Cheney,http://www.pollingreport.com/_private/C.htm
Education,http://www.pollingreport.com/educatio.htm